X,Y
A総人口【人】,A未婚人口（15歳以上）（男）【人】
A総人口【人】,A未婚人口（15歳以上）（女）【人】
A総人口【人】,A有配偶人口（15歳以上）（男）【人】
A総人口【人】,A有配偶人口（15歳以上）（女）【人】
A総人口【人】,B年平均気温【℃】
A総人口【人】,B降水日数（年間）【日】
A総人口【人】,B降水量（年間）【ｍｍ】
A総人口【人】,C農業産出額【百万円】
A総人口【人】,D市町村数【‐】
A総人口【人】,D財政力指数（都道府県財政）【‐】
A総人口【人】,D実質収支比率（都道府県財政）【％】
A総人口【人】,D経常収支比率（都道府県財政）【％】
A総人口【人】,D歳入決算総額（都道府県財政）【千円】
A総人口【人】,D地方税（都道府県財政）【千円】
A総人口【人】,D教育費（都道府県財政）【千円】
A総人口【人】,D人件費（都道府県財政）【千円】
A総人口【人】,D普通税（地方税）【千円】
A総人口【人】,D行政総投資額【千円】
A総人口【人】,E幼稚園数【園】
A総人口【人】,E中学校数【校】
A総人口【人】,E大学数【校】
A総人口【人】,F新規求職申込件数（一般）【件】
A総人口【人】,F所定内実労働時間数（男）（～2019）【時間】
A総人口【人】,F超過実労働時間数（男）（～2019）【時間】
A総人口【人】,G社会教育関係職員数【人】
A総人口【人】,G博物館数【館】
A総人口【人】,G社会体育施設数【施設】
A総人口【人】,G仏教系信者数【人】
A総人口【人】,G献血者数【人】
A総人口【人】,Hガソリン販売量【ｋｌ】
A総人口【人】,Hごみ処理量（総量）【ｔ】
A総人口【人】,I身長（高校2年）（男）【ｃｍ】
A総人口【人】,I身長（高校2年）（女）【ｃｍ】
A総人口【人】,I体重（高校2年）（男）【ｋｇ】
A総人口【人】,I体重（高校2年）（女）【ｋｇ】
A総人口【人】,I50ｍ走（中学2年）（男）【秒】
A総人口【人】,I医薬品販売業数【所】
A総人口【人】,I2500ｇ未満の出生数【人】
A総人口【人】,J厚生年金保険受給権者年金総額【千円】
A総人口【人】,K消防本部・署数【署】
A総人口【人】,K交通事故発生件数【件】
A15歳未満人口【人】,A未婚人口（15歳以上）（男）【人】
A15歳未満人口【人】,A未婚人口（15歳以上）（女）【人】
A15歳未満人口【人】,A有配偶人口（15歳以上）（男）【人】
A15歳未満人口【人】,A有配偶人口（15歳以上）（女）【人】
A15歳未満人口【人】,B年平均気温【℃】
A15歳未満人口【人】,B降水日数（年間）【日】
A15歳未満人口【人】,B降水量（年間）【ｍｍ】
A15歳未満人口【人】,C農業産出額【百万円】
A15歳未満人口【人】,D市町村数【‐】
A15歳未満人口【人】,D財政力指数（都道府県財政）【‐】
A15歳未満人口【人】,D実質収支比率（都道府県財政）【％】
A15歳未満人口【人】,D経常収支比率（都道府県財政）【％】
A15歳未満人口【人】,D歳入決算総額（都道府県財政）【千円】
A15歳未満人口【人】,D地方税（都道府県財政）【千円】
A15歳未満人口【人】,D教育費（都道府県財政）【千円】
A15歳未満人口【人】,D人件費（都道府県財政）【千円】
A15歳未満人口【人】,D普通税（地方税）【千円】
A15歳未満人口【人】,D行政総投資額【千円】
A15歳未満人口【人】,E幼稚園数【園】
A15歳未満人口【人】,E中学校数【校】
A15歳未満人口【人】,E大学数【校】
A15歳未満人口【人】,F新規求職申込件数（一般）【件】
A15歳未満人口【人】,F所定内実労働時間数（男）（～2019）【時間】
A15歳未満人口【人】,F超過実労働時間数（男）（～2019）【時間】
A15歳未満人口【人】,G社会教育関係職員数【人】
A15歳未満人口【人】,G博物館数【館】
A15歳未満人口【人】,G社会体育施設数【施設】
A15歳未満人口【人】,G仏教系信者数【人】
A15歳未満人口【人】,G献血者数【人】
A15歳未満人口【人】,Hガソリン販売量【ｋｌ】
A15歳未満人口【人】,Hごみ処理量（総量）【ｔ】
A15歳未満人口【人】,I身長（高校2年）（男）【ｃｍ】
A15歳未満人口【人】,I身長（高校2年）（女）【ｃｍ】
A15歳未満人口【人】,I体重（高校2年）（男）【ｋｇ】
A15歳未満人口【人】,I体重（高校2年）（女）【ｋｇ】
A15歳未満人口【人】,I50ｍ走（中学2年）（男）【秒】
A15歳未満人口【人】,I病院数【施設】
A15歳未満人口【人】,I医薬品販売業数【所】
A15歳未満人口【人】,I2500ｇ未満の出生数【人】
A15歳未満人口【人】,J厚生年金保険受給権者年金総額【千円】
A15歳未満人口【人】,K消防本部・署数【署】
A15歳未満人口【人】,K交通事故発生件数【件】
A65歳以上人口【人】,A未婚人口（15歳以上）（男）【人】
A65歳以上人口【人】,A未婚人口（15歳以上）（女）【人】
A65歳以上人口【人】,A有配偶人口（15歳以上）（男）【人】
A65歳以上人口【人】,A有配偶人口（15歳以上）（女）【人】
A65歳以上人口【人】,B年平均気温【℃】
A65歳以上人口【人】,B降水日数（年間）【日】
A65歳以上人口【人】,B降水量（年間）【ｍｍ】
A65歳以上人口【人】,C農業産出額【百万円】
A65歳以上人口【人】,D市町村数【‐】
A65歳以上人口【人】,D財政力指数（都道府県財政）【‐】
A65歳以上人口【人】,D実質収支比率（都道府県財政）【％】
A65歳以上人口【人】,D経常収支比率（都道府県財政）【％】
A65歳以上人口【人】,D歳入決算総額（都道府県財政）【千円】
A65歳以上人口【人】,D地方税（都道府県財政）【千円】
A65歳以上人口【人】,D教育費（都道府県財政）【千円】
A65歳以上人口【人】,D人件費（都道府県財政）【千円】
A65歳以上人口【人】,D普通税（地方税）【千円】
A65歳以上人口【人】,D行政総投資額【千円】
A65歳以上人口【人】,E幼稚園数【園】
A65歳以上人口【人】,E中学校数【校】
A65歳以上人口【人】,E大学数【校】
A65歳以上人口【人】,F新規求職申込件数（一般）【件】
A65歳以上人口【人】,F所定内実労働時間数（男）（～2019）【時間】
A65歳以上人口【人】,F超過実労働時間数（男）（～2019）【時間】
A65歳以上人口【人】,G社会教育関係職員数【人】
A65歳以上人口【人】,G博物館数【館】
A65歳以上人口【人】,G社会体育施設数【施設】
A65歳以上人口【人】,G仏教系信者数【人】
A65歳以上人口【人】,G献血者数【人】
A65歳以上人口【人】,Hガソリン販売量【ｋｌ】
A65歳以上人口【人】,Hごみ処理量（総量）【ｔ】
A65歳以上人口【人】,I身長（高校2年）（男）【ｃｍ】
A65歳以上人口【人】,I身長（高校2年）（女）【ｃｍ】
A65歳以上人口【人】,I体重（高校2年）（男）【ｋｇ】
A65歳以上人口【人】,I体重（高校2年）（女）【ｋｇ】
A65歳以上人口【人】,I50ｍ走（中学2年）（男）【秒】
A65歳以上人口【人】,I医薬品販売業数【所】
A65歳以上人口【人】,I2500ｇ未満の出生数【人】
A65歳以上人口【人】,J厚生年金保険受給権者年金総額【千円】
A65歳以上人口【人】,K消防本部・署数【署】
A65歳以上人口【人】,K交通事故発生件数【件】
A未婚人口（15歳以上）（男）【人】,A未婚人口（15歳以上）（女）【人】
A未婚人口（15歳以上）（男）【人】,A有配偶人口（15歳以上）（男）【人】
A未婚人口（15歳以上）（男）【人】,A有配偶人口（15歳以上）（女）【人】
A未婚人口（15歳以上）（男）【人】,A出生数【人】
A未婚人口（15歳以上）（男）【人】,B年平均気温【℃】
A未婚人口（15歳以上）（男）【人】,B降水日数（年間）【日】
A未婚人口（15歳以上）（男）【人】,B降水量（年間）【ｍｍ】
A未婚人口（15歳以上）（男）【人】,C農業産出額【百万円】
A未婚人口（15歳以上）（男）【人】,C耕地面積【ｈａ】
A未婚人口（15歳以上）（男）【人】,D市町村数【‐】
A未婚人口（15歳以上）（男）【人】,D財政力指数（都道府県財政）【‐】
A未婚人口（15歳以上）（男）【人】,D実質収支比率（都道府県財政）【％】
A未婚人口（15歳以上）（男）【人】,D経常収支比率（都道府県財政）【％】
A未婚人口（15歳以上）（男）【人】,D歳入決算総額（都道府県財政）【千円】
A未婚人口（15歳以上）（男）【人】,D地方税（都道府県財政）【千円】
A未婚人口（15歳以上）（男）【人】,D教育費（都道府県財政）【千円】
A未婚人口（15歳以上）（男）【人】,D人件費（都道府県財政）【千円】
A未婚人口（15歳以上）（男）【人】,D普通税（地方税）【千円】
A未婚人口（15歳以上）（男）【人】,D行政総投資額【千円】
A未婚人口（15歳以上）（男）【人】,E幼稚園数【園】
A未婚人口（15歳以上）（男）【人】,E小学校数【校】
A未婚人口（15歳以上）（男）【人】,E中学校数【校】
A未婚人口（15歳以上）（男）【人】,E高等学校数【校】
A未婚人口（15歳以上）（男）【人】,E大学数【校】
A未婚人口（15歳以上）（男）【人】,F新規求職申込件数（一般）【件】
A未婚人口（15歳以上）（男）【人】,F所定内実労働時間数（男）（～2019）【時間】
A未婚人口（15歳以上）（男）【人】,F超過実労働時間数（男）（～2019）【時間】
A未婚人口（15歳以上）（男）【人】,G社会教育関係職員数【人】
A未婚人口（15歳以上）（男）【人】,G公民館数【館】
A未婚人口（15歳以上）（男）【人】,G図書館数【館】
A未婚人口（15歳以上）（男）【人】,G博物館数【館】
A未婚人口（15歳以上）（男）【人】,G社会体育施設数【施設】
A未婚人口（15歳以上）（男）【人】,G重要文化財指定件数【件】
A未婚人口（15歳以上）（男）【人】,G仏教系信者数【人】
A未婚人口（15歳以上）（男）【人】,GＮＰＯ法人認証数【法人】
A未婚人口（15歳以上）（男）【人】,G献血者数【人】
A未婚人口（15歳以上）（男）【人】,Hガソリン販売量【ｋｌ】
A未婚人口（15歳以上）（男）【人】,Hごみ処理量（総量）【ｔ】
A未婚人口（15歳以上）（男）【人】,H道路実延長【ｋｍ】
A未婚人口（15歳以上）（男）【人】,H都市公園数【箇所】
A未婚人口（15歳以上）（男）【人】,I身長（高校2年）（男）【ｃｍ】
A未婚人口（15歳以上）（男）【人】,I身長（高校2年）（女）【ｃｍ】
A未婚人口（15歳以上）（男）【人】,I体重（高校2年）（男）【ｋｇ】
A未婚人口（15歳以上）（男）【人】,I体重（高校2年）（女）【ｋｇ】
A未婚人口（15歳以上）（男）【人】,I50ｍ走（中学2年）（男）【秒】
A未婚人口（15歳以上）（男）【人】,I病院数【施設】
A未婚人口（15歳以上）（男）【人】,I医師数【人】
A未婚人口（15歳以上）（男）【人】,I医薬品販売業数【所】
A未婚人口（15歳以上）（男）【人】,I2500ｇ未満の出生数【人】
A未婚人口（15歳以上）（男）【人】,J生活保護被保護実世帯数【世帯】
A未婚人口（15歳以上）（男）【人】,J一人当たりの医療費【千円】
A未婚人口（15歳以上）（男）【人】,J厚生年金保険受給権者年金総額【千円】
A未婚人口（15歳以上）（男）【人】,K消防本部・署数【署】
A未婚人口（15歳以上）（男）【人】,K交通事故発生件数【件】
A未婚人口（15歳以上）（女）【人】,A有配偶人口（15歳以上）（男）【人】
A未婚人口（15歳以上）（女）【人】,A有配偶人口（15歳以上）（女）【人】
A未婚人口（15歳以上）（女）【人】,A出生数【人】
A未婚人口（15歳以上）（女）【人】,B年平均気温【℃】
A未婚人口（15歳以上）（女）【人】,B降水日数（年間）【日】
A未婚人口（15歳以上）（女）【人】,B降水量（年間）【ｍｍ】
A未婚人口（15歳以上）（女）【人】,C農業産出額【百万円】
A未婚人口（15歳以上）（女）【人】,C耕地面積【ｈａ】
A未婚人口（15歳以上）（女）【人】,D市町村数【‐】
A未婚人口（15歳以上）（女）【人】,D財政力指数（都道府県財政）【‐】
A未婚人口（15歳以上）（女）【人】,D実質収支比率（都道府県財政）【％】
A未婚人口（15歳以上）（女）【人】,D経常収支比率（都道府県財政）【％】
A未婚人口（15歳以上）（女）【人】,D歳入決算総額（都道府県財政）【千円】
A未婚人口（15歳以上）（女）【人】,D地方税（都道府県財政）【千円】
A未婚人口（15歳以上）（女）【人】,D教育費（都道府県財政）【千円】
A未婚人口（15歳以上）（女）【人】,D人件費（都道府県財政）【千円】
A未婚人口（15歳以上）（女）【人】,D普通税（地方税）【千円】
A未婚人口（15歳以上）（女）【人】,D行政総投資額【千円】
A未婚人口（15歳以上）（女）【人】,E幼稚園数【園】
A未婚人口（15歳以上）（女）【人】,E小学校数【校】
A未婚人口（15歳以上）（女）【人】,E中学校数【校】
A未婚人口（15歳以上）（女）【人】,E高等学校数【校】
A未婚人口（15歳以上）（女）【人】,E大学数【校】
A未婚人口（15歳以上）（女）【人】,F新規求職申込件数（一般）【件】
A未婚人口（15歳以上）（女）【人】,F所定内実労働時間数（男）（～2019）【時間】
A未婚人口（15歳以上）（女）【人】,F超過実労働時間数（男）（～2019）【時間】
A未婚人口（15歳以上）（女）【人】,G社会教育関係職員数【人】
A未婚人口（15歳以上）（女）【人】,G公民館数【館】
A未婚人口（15歳以上）（女）【人】,G図書館数【館】
A未婚人口（15歳以上）（女）【人】,G博物館数【館】
A未婚人口（15歳以上）（女）【人】,G社会体育施設数【施設】
A未婚人口（15歳以上）（女）【人】,G重要文化財指定件数【件】
A未婚人口（15歳以上）（女）【人】,G仏教系信者数【人】
A未婚人口（15歳以上）（女）【人】,GＮＰＯ法人認証数【法人】
A未婚人口（15歳以上）（女）【人】,G献血者数【人】
A未婚人口（15歳以上）（女）【人】,Hガソリン販売量【ｋｌ】
A未婚人口（15歳以上）（女）【人】,Hごみ処理量（総量）【ｔ】
A未婚人口（15歳以上）（女）【人】,H道路実延長【ｋｍ】
A未婚人口（15歳以上）（女）【人】,H都市公園数【箇所】
A未婚人口（15歳以上）（女）【人】,I身長（高校2年）（男）【ｃｍ】
A未婚人口（15歳以上）（女）【人】,I身長（高校2年）（女）【ｃｍ】
A未婚人口（15歳以上）（女）【人】,I体重（高校2年）（男）【ｋｇ】
A未婚人口（15歳以上）（女）【人】,I体重（高校2年）（女）【ｋｇ】
A未婚人口（15歳以上）（女）【人】,I50ｍ走（中学2年）（男）【秒】
A未婚人口（15歳以上）（女）【人】,I病院数【施設】
A未婚人口（15歳以上）（女）【人】,I医師数【人】
A未婚人口（15歳以上）（女）【人】,I医薬品販売業数【所】
A未婚人口（15歳以上）（女）【人】,I2500ｇ未満の出生数【人】
A未婚人口（15歳以上）（女）【人】,J生活保護被保護実世帯数【世帯】
A未婚人口（15歳以上）（女）【人】,J一人当たりの医療費【千円】
A未婚人口（15歳以上）（女）【人】,J厚生年金保険受給権者年金総額【千円】
A未婚人口（15歳以上）（女）【人】,K消防本部・署数【署】
A未婚人口（15歳以上）（女）【人】,K交通事故発生件数【件】
A有配偶人口（15歳以上）（男）【人】,A出生数【人】
A有配偶人口（15歳以上）（男）【人】,B年平均気温【℃】
A有配偶人口（15歳以上）（男）【人】,B降水日数（年間）【日】
A有配偶人口（15歳以上）（男）【人】,B降水量（年間）【ｍｍ】
A有配偶人口（15歳以上）（男）【人】,C農業産出額【百万円】
A有配偶人口（15歳以上）（男）【人】,C耕地面積【ｈａ】
A有配偶人口（15歳以上）（男）【人】,D市町村数【‐】
A有配偶人口（15歳以上）（男）【人】,D財政力指数（都道府県財政）【‐】
A有配偶人口（15歳以上）（男）【人】,D実質収支比率（都道府県財政）【％】
A有配偶人口（15歳以上）（男）【人】,D経常収支比率（都道府県財政）【％】
A有配偶人口（15歳以上）（男）【人】,D歳入決算総額（都道府県財政）【千円】
A有配偶人口（15歳以上）（男）【人】,D地方税（都道府県財政）【千円】
A有配偶人口（15歳以上）（男）【人】,D教育費（都道府県財政）【千円】
A有配偶人口（15歳以上）（男）【人】,D人件費（都道府県財政）【千円】
A有配偶人口（15歳以上）（男）【人】,D普通税（地方税）【千円】
A有配偶人口（15歳以上）（男）【人】,D行政総投資額【千円】
A有配偶人口（15歳以上）（男）【人】,E幼稚園数【園】
A有配偶人口（15歳以上）（男）【人】,E小学校数【校】
A有配偶人口（15歳以上）（男）【人】,E中学校数【校】
A有配偶人口（15歳以上）（男）【人】,E高等学校数【校】
A有配偶人口（15歳以上）（男）【人】,E大学数【校】
A有配偶人口（15歳以上）（男）【人】,F新規求職申込件数（一般）【件】
A有配偶人口（15歳以上）（男）【人】,F所定内実労働時間数（男）（～2019）【時間】
A有配偶人口（15歳以上）（男）【人】,F超過実労働時間数（男）（～2019）【時間】
A有配偶人口（15歳以上）（男）【人】,G社会教育関係職員数【人】
A有配偶人口（15歳以上）（男）【人】,G公民館数【館】
A有配偶人口（15歳以上）（男）【人】,G図書館数【館】
A有配偶人口（15歳以上）（男）【人】,G博物館数【館】
A有配偶人口（15歳以上）（男）【人】,G社会体育施設数【施設】
A有配偶人口（15歳以上）（男）【人】,G重要文化財指定件数【件】
A有配偶人口（15歳以上）（男）【人】,G仏教系信者数【人】
A有配偶人口（15歳以上）（男）【人】,GＮＰＯ法人認証数【法人】
A有配偶人口（15歳以上）（男）【人】,G献血者数【人】
A有配偶人口（15歳以上）（男）【人】,Hガソリン販売量【ｋｌ】
A有配偶人口（15歳以上）（男）【人】,Hごみ処理量（総量）【ｔ】
A有配偶人口（15歳以上）（男）【人】,H道路実延長【ｋｍ】
A有配偶人口（15歳以上）（男）【人】,H都市公園数【箇所】
A有配偶人口（15歳以上）（男）【人】,I身長（高校2年）（男）【ｃｍ】
A有配偶人口（15歳以上）（男）【人】,I身長（高校2年）（女）【ｃｍ】
A有配偶人口（15歳以上）（男）【人】,I体重（高校2年）（男）【ｋｇ】
A有配偶人口（15歳以上）（男）【人】,I体重（高校2年）（女）【ｋｇ】
A有配偶人口（15歳以上）（男）【人】,I50ｍ走（中学2年）（男）【秒】
A有配偶人口（15歳以上）（男）【人】,I病院数【施設】
A有配偶人口（15歳以上）（男）【人】,I医師数【人】
A有配偶人口（15歳以上）（男）【人】,I医薬品販売業数【所】
A有配偶人口（15歳以上）（男）【人】,I2500ｇ未満の出生数【人】
A有配偶人口（15歳以上）（男）【人】,J生活保護被保護実世帯数【世帯】
A有配偶人口（15歳以上）（男）【人】,J一人当たりの医療費【千円】
A有配偶人口（15歳以上）（男）【人】,J厚生年金保険受給権者年金総額【千円】
A有配偶人口（15歳以上）（男）【人】,K消防本部・署数【署】
A有配偶人口（15歳以上）（男）【人】,K交通事故発生件数【件】
A有配偶人口（15歳以上）（女）【人】,A出生数【人】
A有配偶人口（15歳以上）（女）【人】,B年平均気温【℃】
A有配偶人口（15歳以上）（女）【人】,B降水日数（年間）【日】
A有配偶人口（15歳以上）（女）【人】,B降水量（年間）【ｍｍ】
A有配偶人口（15歳以上）（女）【人】,C農業産出額【百万円】
A有配偶人口（15歳以上）（女）【人】,C耕地面積【ｈａ】
A有配偶人口（15歳以上）（女）【人】,D市町村数【‐】
A有配偶人口（15歳以上）（女）【人】,D財政力指数（都道府県財政）【‐】
A有配偶人口（15歳以上）（女）【人】,D実質収支比率（都道府県財政）【％】
A有配偶人口（15歳以上）（女）【人】,D経常収支比率（都道府県財政）【％】
A有配偶人口（15歳以上）（女）【人】,D歳入決算総額（都道府県財政）【千円】
A有配偶人口（15歳以上）（女）【人】,D地方税（都道府県財政）【千円】
A有配偶人口（15歳以上）（女）【人】,D教育費（都道府県財政）【千円】
A有配偶人口（15歳以上）（女）【人】,D人件費（都道府県財政）【千円】
A有配偶人口（15歳以上）（女）【人】,D普通税（地方税）【千円】
A有配偶人口（15歳以上）（女）【人】,D行政総投資額【千円】
A有配偶人口（15歳以上）（女）【人】,E幼稚園数【園】
A有配偶人口（15歳以上）（女）【人】,E小学校数【校】
A有配偶人口（15歳以上）（女）【人】,E中学校数【校】
A有配偶人口（15歳以上）（女）【人】,E高等学校数【校】
A有配偶人口（15歳以上）（女）【人】,E大学数【校】
A有配偶人口（15歳以上）（女）【人】,F新規求職申込件数（一般）【件】
A有配偶人口（15歳以上）（女）【人】,F所定内実労働時間数（男）（～2019）【時間】
A有配偶人口（15歳以上）（女）【人】,F超過実労働時間数（男）（～2019）【時間】
A有配偶人口（15歳以上）（女）【人】,G社会教育関係職員数【人】
A有配偶人口（15歳以上）（女）【人】,G公民館数【館】
A有配偶人口（15歳以上）（女）【人】,G図書館数【館】
A有配偶人口（15歳以上）（女）【人】,G博物館数【館】
A有配偶人口（15歳以上）（女）【人】,G社会体育施設数【施設】
A有配偶人口（15歳以上）（女）【人】,G重要文化財指定件数【件】
A有配偶人口（15歳以上）（女）【人】,G仏教系信者数【人】
A有配偶人口（15歳以上）（女）【人】,GＮＰＯ法人認証数【法人】
A有配偶人口（15歳以上）（女）【人】,G献血者数【人】
A有配偶人口（15歳以上）（女）【人】,Hガソリン販売量【ｋｌ】
A有配偶人口（15歳以上）（女）【人】,Hごみ処理量（総量）【ｔ】
A有配偶人口（15歳以上）（女）【人】,H道路実延長【ｋｍ】
A有配偶人口（15歳以上）（女）【人】,H都市公園数【箇所】
A有配偶人口（15歳以上）（女）【人】,I身長（高校2年）（男）【ｃｍ】
A有配偶人口（15歳以上）（女）【人】,I身長（高校2年）（女）【ｃｍ】
A有配偶人口（15歳以上）（女）【人】,I体重（高校2年）（男）【ｋｇ】
A有配偶人口（15歳以上）（女）【人】,I体重（高校2年）（女）【ｋｇ】
A有配偶人口（15歳以上）（女）【人】,I50ｍ走（中学2年）（男）【秒】
A有配偶人口（15歳以上）（女）【人】,I病院数【施設】
A有配偶人口（15歳以上）（女）【人】,I医師数【人】
A有配偶人口（15歳以上）（女）【人】,I医薬品販売業数【所】
A有配偶人口（15歳以上）（女）【人】,I2500ｇ未満の出生数【人】
A有配偶人口（15歳以上）（女）【人】,J生活保護被保護実世帯数【世帯】
A有配偶人口（15歳以上）（女）【人】,J一人当たりの医療費【千円】
A有配偶人口（15歳以上）（女）【人】,J厚生年金保険受給権者年金総額【千円】
A有配偶人口（15歳以上）（女）【人】,K消防本部・署数【署】
A有配偶人口（15歳以上）（女）【人】,K交通事故発生件数【件】
A出生数【人】,B年平均気温【℃】
A出生数【人】,B降水日数（年間）【日】
A出生数【人】,B降水量（年間）【ｍｍ】
A出生数【人】,C農業産出額【百万円】
A出生数【人】,C耕地面積【ｈａ】
A出生数【人】,D市町村数【‐】
A出生数【人】,D財政力指数（都道府県財政）【‐】
A出生数【人】,D実質収支比率（都道府県財政）【％】
A出生数【人】,D経常収支比率（都道府県財政）【％】
A出生数【人】,D歳入決算総額（都道府県財政）【千円】
A出生数【人】,D地方税（都道府県財政）【千円】
A出生数【人】,D教育費（都道府県財政）【千円】
A出生数【人】,D人件費（都道府県財政）【千円】
A出生数【人】,D普通税（地方税）【千円】
A出生数【人】,D行政総投資額【千円】
A出生数【人】,E幼稚園数【園】
A出生数【人】,E中学校数【校】
A出生数【人】,E高等学校数【校】
A出生数【人】,E大学数【校】
A出生数【人】,F新規求職申込件数（一般）【件】
A出生数【人】,F所定内実労働時間数（男）（～2019）【時間】
A出生数【人】,F超過実労働時間数（男）（～2019）【時間】
A出生数【人】,G社会教育関係職員数【人】
A出生数【人】,G公民館数【館】
A出生数【人】,G図書館数【館】
A出生数【人】,G博物館数【館】
A出生数【人】,G社会体育施設数【施設】
A出生数【人】,G重要文化財指定件数【件】
A出生数【人】,G仏教系信者数【人】
A出生数【人】,GＮＰＯ法人認証数【法人】
A出生数【人】,G献血者数【人】
A出生数【人】,Hガソリン販売量【ｋｌ】
A出生数【人】,Hごみ処理量（総量）【ｔ】
A出生数【人】,H道路実延長【ｋｍ】
A出生数【人】,H都市公園数【箇所】
A出生数【人】,I身長（高校2年）（男）【ｃｍ】
A出生数【人】,I身長（高校2年）（女）【ｃｍ】
A出生数【人】,I体重（高校2年）（男）【ｋｇ】
A出生数【人】,I体重（高校2年）（女）【ｋｇ】
A出生数【人】,I50ｍ走（中学2年）（男）【秒】
A出生数【人】,I病院数【施設】
A出生数【人】,I医薬品販売業数【所】
A出生数【人】,I2500ｇ未満の出生数【人】
A出生数【人】,J生活保護被保護実世帯数【世帯】
A出生数【人】,J厚生年金保険受給権者年金総額【千円】
A出生数【人】,K消防本部・署数【署】
A出生数【人】,K交通事故発生件数【件】
B年平均気温【℃】,B降水日数（年間）【日】
B年平均気温【℃】,B降水量（年間）【ｍｍ】
B年平均気温【℃】,C農業産出額【百万円】
B年平均気温【℃】,C耕地面積【ｈａ】
B年平均気温【℃】,D市町村数【‐】
B年平均気温【℃】,D財政力指数（都道府県財政）【‐】
B年平均気温【℃】,D実質収支比率（都道府県財政）【％】
B年平均気温【℃】,D経常収支比率（都道府県財政）【％】
B年平均気温【℃】,D歳入決算総額（都道府県財政）【千円】
B年平均気温【℃】,D地方税（都道府県財政）【千円】
B年平均気温【℃】,D教育費（都道府県財政）【千円】
B年平均気温【℃】,D人件費（都道府県財政）【千円】
B年平均気温【℃】,D普通税（地方税）【千円】
B年平均気温【℃】,D行政総投資額【千円】
B年平均気温【℃】,E幼稚園数【園】
B年平均気温【℃】,E小学校数【校】
B年平均気温【℃】,E中学校数【校】
B年平均気温【℃】,E高等学校数【校】
B年平均気温【℃】,E大学数【校】
B年平均気温【℃】,F新規求職申込件数（一般）【件】
B年平均気温【℃】,F所定内実労働時間数（男）（～2019）【時間】
B年平均気温【℃】,F超過実労働時間数（男）（～2019）【時間】
B年平均気温【℃】,G社会教育関係職員数【人】
B年平均気温【℃】,G公民館数【館】
B年平均気温【℃】,G図書館数【館】
B年平均気温【℃】,G博物館数【館】
B年平均気温【℃】,G社会体育施設数【施設】
B年平均気温【℃】,G重要文化財指定件数【件】
B年平均気温【℃】,G仏教系信者数【人】
B年平均気温【℃】,GＮＰＯ法人認証数【法人】
B年平均気温【℃】,G献血者数【人】
B年平均気温【℃】,Hガソリン販売量【ｋｌ】
B年平均気温【℃】,Hごみ処理量（総量）【ｔ】
B年平均気温【℃】,H道路実延長【ｋｍ】
B年平均気温【℃】,H都市公園数【箇所】
B年平均気温【℃】,I身長（高校2年）（男）【ｃｍ】
B年平均気温【℃】,I身長（高校2年）（女）【ｃｍ】
B年平均気温【℃】,I体重（高校2年）（男）【ｋｇ】
B年平均気温【℃】,I体重（高校2年）（女）【ｋｇ】
B年平均気温【℃】,I50ｍ走（中学2年）（男）【秒】
B年平均気温【℃】,I病院数【施設】
B年平均気温【℃】,I医師数【人】
B年平均気温【℃】,I医薬品販売業数【所】
B年平均気温【℃】,I2500ｇ未満の出生数【人】
B年平均気温【℃】,J生活保護被保護実世帯数【世帯】
B年平均気温【℃】,J一人当たりの医療費【千円】
B年平均気温【℃】,J厚生年金保険受給権者年金総額【千円】
B年平均気温【℃】,K消防本部・署数【署】
B年平均気温【℃】,K交通事故発生件数【件】
B降水日数（年間）【日】,B降水量（年間）【ｍｍ】
B降水日数（年間）【日】,C農業産出額【百万円】
B降水日数（年間）【日】,C耕地面積【ｈａ】
B降水日数（年間）【日】,D市町村数【‐】
B降水日数（年間）【日】,D財政力指数（都道府県財政）【‐】
B降水日数（年間）【日】,D実質収支比率（都道府県財政）【％】
B降水日数（年間）【日】,D経常収支比率（都道府県財政）【％】
B降水日数（年間）【日】,D歳入決算総額（都道府県財政）【千円】
B降水日数（年間）【日】,D地方税（都道府県財政）【千円】
B降水日数（年間）【日】,D教育費（都道府県財政）【千円】
B降水日数（年間）【日】,D人件費（都道府県財政）【千円】
B降水日数（年間）【日】,D普通税（地方税）【千円】
B降水日数（年間）【日】,D行政総投資額【千円】
B降水日数（年間）【日】,E幼稚園数【園】
B降水日数（年間）【日】,E小学校数【校】
B降水日数（年間）【日】,E中学校数【校】
B降水日数（年間）【日】,E高等学校数【校】
B降水日数（年間）【日】,E大学数【校】
B降水日数（年間）【日】,F新規求職申込件数（一般）【件】
B降水日数（年間）【日】,F所定内実労働時間数（男）（～2019）【時間】
B降水日数（年間）【日】,F超過実労働時間数（男）（～2019）【時間】
B降水日数（年間）【日】,G社会教育関係職員数【人】
B降水日数（年間）【日】,G公民館数【館】
B降水日数（年間）【日】,G図書館数【館】
B降水日数（年間）【日】,G博物館数【館】
B降水日数（年間）【日】,G社会体育施設数【施設】
B降水日数（年間）【日】,G重要文化財指定件数【件】
B降水日数（年間）【日】,G仏教系信者数【人】
B降水日数（年間）【日】,GＮＰＯ法人認証数【法人】
B降水日数（年間）【日】,G献血者数【人】
B降水日数（年間）【日】,Hガソリン販売量【ｋｌ】
B降水日数（年間）【日】,Hごみ処理量（総量）【ｔ】
B降水日数（年間）【日】,H道路実延長【ｋｍ】
B降水日数（年間）【日】,H都市公園数【箇所】
B降水日数（年間）【日】,I身長（高校2年）（男）【ｃｍ】
B降水日数（年間）【日】,I身長（高校2年）（女）【ｃｍ】
B降水日数（年間）【日】,I体重（高校2年）（男）【ｋｇ】
B降水日数（年間）【日】,I体重（高校2年）（女）【ｋｇ】
B降水日数（年間）【日】,I50ｍ走（中学2年）（男）【秒】
B降水日数（年間）【日】,I病院数【施設】
B降水日数（年間）【日】,I医師数【人】
B降水日数（年間）【日】,I医薬品販売業数【所】
B降水日数（年間）【日】,I2500ｇ未満の出生数【人】
B降水日数（年間）【日】,J生活保護被保護実世帯数【世帯】
B降水日数（年間）【日】,J一人当たりの医療費【千円】
B降水日数（年間）【日】,J厚生年金保険受給権者年金総額【千円】
B降水日数（年間）【日】,K消防本部・署数【署】
B降水日数（年間）【日】,K交通事故発生件数【件】
B降水量（年間）【ｍｍ】,C農業産出額【百万円】
B降水量（年間）【ｍｍ】,C耕地面積【ｈａ】
B降水量（年間）【ｍｍ】,D市町村数【‐】
B降水量（年間）【ｍｍ】,D財政力指数（都道府県財政）【‐】
B降水量（年間）【ｍｍ】,D実質収支比率（都道府県財政）【％】
B降水量（年間）【ｍｍ】,D経常収支比率（都道府県財政）【％】
B降水量（年間）【ｍｍ】,D歳入決算総額（都道府県財政）【千円】
B降水量（年間）【ｍｍ】,D地方税（都道府県財政）【千円】
B降水量（年間）【ｍｍ】,D教育費（都道府県財政）【千円】
B降水量（年間）【ｍｍ】,D人件費（都道府県財政）【千円】
B降水量（年間）【ｍｍ】,D普通税（地方税）【千円】
B降水量（年間）【ｍｍ】,D行政総投資額【千円】
B降水量（年間）【ｍｍ】,E幼稚園数【園】
B降水量（年間）【ｍｍ】,E小学校数【校】
B降水量（年間）【ｍｍ】,E中学校数【校】
B降水量（年間）【ｍｍ】,E高等学校数【校】
B降水量（年間）【ｍｍ】,E大学数【校】
B降水量（年間）【ｍｍ】,F新規求職申込件数（一般）【件】
B降水量（年間）【ｍｍ】,F所定内実労働時間数（男）（～2019）【時間】
B降水量（年間）【ｍｍ】,F超過実労働時間数（男）（～2019）【時間】
B降水量（年間）【ｍｍ】,G社会教育関係職員数【人】
B降水量（年間）【ｍｍ】,G公民館数【館】
B降水量（年間）【ｍｍ】,G図書館数【館】
B降水量（年間）【ｍｍ】,G博物館数【館】
B降水量（年間）【ｍｍ】,G社会体育施設数【施設】
B降水量（年間）【ｍｍ】,G重要文化財指定件数【件】
B降水量（年間）【ｍｍ】,G仏教系信者数【人】
B降水量（年間）【ｍｍ】,GＮＰＯ法人認証数【法人】
B降水量（年間）【ｍｍ】,G献血者数【人】
B降水量（年間）【ｍｍ】,Hガソリン販売量【ｋｌ】
B降水量（年間）【ｍｍ】,Hごみ処理量（総量）【ｔ】
B降水量（年間）【ｍｍ】,H道路実延長【ｋｍ】
B降水量（年間）【ｍｍ】,H都市公園数【箇所】
B降水量（年間）【ｍｍ】,I身長（高校2年）（男）【ｃｍ】
B降水量（年間）【ｍｍ】,I身長（高校2年）（女）【ｃｍ】
B降水量（年間）【ｍｍ】,I体重（高校2年）（男）【ｋｇ】
B降水量（年間）【ｍｍ】,I体重（高校2年）（女）【ｋｇ】
B降水量（年間）【ｍｍ】,I50ｍ走（中学2年）（男）【秒】
B降水量（年間）【ｍｍ】,I病院数【施設】
B降水量（年間）【ｍｍ】,I医師数【人】
B降水量（年間）【ｍｍ】,I医薬品販売業数【所】
B降水量（年間）【ｍｍ】,I2500ｇ未満の出生数【人】
B降水量（年間）【ｍｍ】,J生活保護被保護実世帯数【世帯】
B降水量（年間）【ｍｍ】,J一人当たりの医療費【千円】
B降水量（年間）【ｍｍ】,J厚生年金保険受給権者年金総額【千円】
B降水量（年間）【ｍｍ】,K消防本部・署数【署】
B降水量（年間）【ｍｍ】,K交通事故発生件数【件】
C農業産出額【百万円】,C耕地面積【ｈａ】
C農業産出額【百万円】,D市町村数【‐】
C農業産出額【百万円】,D財政力指数（都道府県財政）【‐】
C農業産出額【百万円】,D実質収支比率（都道府県財政）【％】
C農業産出額【百万円】,D経常収支比率（都道府県財政）【％】
C農業産出額【百万円】,D歳入決算総額（都道府県財政）【千円】
C農業産出額【百万円】,D地方税（都道府県財政）【千円】
C農業産出額【百万円】,D教育費（都道府県財政）【千円】
C農業産出額【百万円】,D人件費（都道府県財政）【千円】
C農業産出額【百万円】,D普通税（地方税）【千円】
C農業産出額【百万円】,D行政総投資額【千円】
C農業産出額【百万円】,E幼稚園数【園】
C農業産出額【百万円】,E小学校数【校】
C農業産出額【百万円】,E中学校数【校】
C農業産出額【百万円】,E高等学校数【校】
C農業産出額【百万円】,E大学数【校】
C農業産出額【百万円】,F新規求職申込件数（一般）【件】
C農業産出額【百万円】,F所定内実労働時間数（男）（～2019）【時間】
C農業産出額【百万円】,F超過実労働時間数（男）（～2019）【時間】
C農業産出額【百万円】,G社会教育関係職員数【人】
C農業産出額【百万円】,G公民館数【館】
C農業産出額【百万円】,G図書館数【館】
C農業産出額【百万円】,G博物館数【館】
C農業産出額【百万円】,G社会体育施設数【施設】
C農業産出額【百万円】,G重要文化財指定件数【件】
C農業産出額【百万円】,G仏教系信者数【人】
C農業産出額【百万円】,GＮＰＯ法人認証数【法人】
C農業産出額【百万円】,G献血者数【人】
C農業産出額【百万円】,Hガソリン販売量【ｋｌ】
C農業産出額【百万円】,Hごみ処理量（総量）【ｔ】
C農業産出額【百万円】,H道路実延長【ｋｍ】
C農業産出額【百万円】,H都市公園数【箇所】
C農業産出額【百万円】,I身長（高校2年）（男）【ｃｍ】
C農業産出額【百万円】,I身長（高校2年）（女）【ｃｍ】
C農業産出額【百万円】,I体重（高校2年）（男）【ｋｇ】
C農業産出額【百万円】,I体重（高校2年）（女）【ｋｇ】
C農業産出額【百万円】,I50ｍ走（中学2年）（男）【秒】
C農業産出額【百万円】,I病院数【施設】
C農業産出額【百万円】,I医師数【人】
C農業産出額【百万円】,I医薬品販売業数【所】
C農業産出額【百万円】,I2500ｇ未満の出生数【人】
C農業産出額【百万円】,J生活保護被保護実世帯数【世帯】
C農業産出額【百万円】,J一人当たりの医療費【千円】
C農業産出額【百万円】,J厚生年金保険受給権者年金総額【千円】
C農業産出額【百万円】,K消防本部・署数【署】
C農業産出額【百万円】,K交通事故発生件数【件】
C耕地面積【ｈａ】,D市町村数【‐】
C耕地面積【ｈａ】,D財政力指数（都道府県財政）【‐】
C耕地面積【ｈａ】,D実質収支比率（都道府県財政）【％】
C耕地面積【ｈａ】,D経常収支比率（都道府県財政）【％】
C耕地面積【ｈａ】,D歳入決算総額（都道府県財政）【千円】
C耕地面積【ｈａ】,D地方税（都道府県財政）【千円】
C耕地面積【ｈａ】,D教育費（都道府県財政）【千円】
C耕地面積【ｈａ】,D人件費（都道府県財政）【千円】
C耕地面積【ｈａ】,D普通税（地方税）【千円】
C耕地面積【ｈａ】,D行政総投資額【千円】
C耕地面積【ｈａ】,E幼稚園数【園】
C耕地面積【ｈａ】,E中学校数【校】
C耕地面積【ｈａ】,E大学数【校】
C耕地面積【ｈａ】,F新規求職申込件数（一般）【件】
C耕地面積【ｈａ】,F所定内実労働時間数（男）（～2019）【時間】
C耕地面積【ｈａ】,F超過実労働時間数（男）（～2019）【時間】
C耕地面積【ｈａ】,G社会教育関係職員数【人】
C耕地面積【ｈａ】,G博物館数【館】
C耕地面積【ｈａ】,G社会体育施設数【施設】
C耕地面積【ｈａ】,G仏教系信者数【人】
C耕地面積【ｈａ】,G献血者数【人】
C耕地面積【ｈａ】,Hガソリン販売量【ｋｌ】
C耕地面積【ｈａ】,Hごみ処理量（総量）【ｔ】
C耕地面積【ｈａ】,I身長（高校2年）（男）【ｃｍ】
C耕地面積【ｈａ】,I身長（高校2年）（女）【ｃｍ】
C耕地面積【ｈａ】,I体重（高校2年）（男）【ｋｇ】
C耕地面積【ｈａ】,I体重（高校2年）（女）【ｋｇ】
C耕地面積【ｈａ】,I50ｍ走（中学2年）（男）【秒】
C耕地面積【ｈａ】,I医薬品販売業数【所】
C耕地面積【ｈａ】,I2500ｇ未満の出生数【人】
C耕地面積【ｈａ】,J厚生年金保険受給権者年金総額【千円】
C耕地面積【ｈａ】,K消防本部・署数【署】
C耕地面積【ｈａ】,K交通事故発生件数【件】
D市町村数【‐】,D財政力指数（都道府県財政）【‐】
D市町村数【‐】,D実質収支比率（都道府県財政）【％】
D市町村数【‐】,D経常収支比率（都道府県財政）【％】
D市町村数【‐】,D歳入決算総額（都道府県財政）【千円】
D市町村数【‐】,D地方税（都道府県財政）【千円】
D市町村数【‐】,D教育費（都道府県財政）【千円】
D市町村数【‐】,D人件費（都道府県財政）【千円】
D市町村数【‐】,D普通税（地方税）【千円】
D市町村数【‐】,D行政総投資額【千円】
D市町村数【‐】,E幼稚園数【園】
D市町村数【‐】,E小学校数【校】
D市町村数【‐】,E中学校数【校】
D市町村数【‐】,E高等学校数【校】
D市町村数【‐】,E大学数【校】
D市町村数【‐】,F新規求職申込件数（一般）【件】
D市町村数【‐】,F所定内実労働時間数（男）（～2019）【時間】
D市町村数【‐】,F超過実労働時間数（男）（～2019）【時間】
D市町村数【‐】,G社会教育関係職員数【人】
D市町村数【‐】,G図書館数【館】
D市町村数【‐】,G博物館数【館】
D市町村数【‐】,G社会体育施設数【施設】
D市町村数【‐】,G重要文化財指定件数【件】
D市町村数【‐】,G仏教系信者数【人】
D市町村数【‐】,G献血者数【人】
D市町村数【‐】,Hガソリン販売量【ｋｌ】
D市町村数【‐】,Hごみ処理量（総量）【ｔ】
D市町村数【‐】,H道路実延長【ｋｍ】
D市町村数【‐】,H都市公園数【箇所】
D市町村数【‐】,I身長（高校2年）（男）【ｃｍ】
D市町村数【‐】,I身長（高校2年）（女）【ｃｍ】
D市町村数【‐】,I体重（高校2年）（男）【ｋｇ】
D市町村数【‐】,I体重（高校2年）（女）【ｋｇ】
D市町村数【‐】,I50ｍ走（中学2年）（男）【秒】
D市町村数【‐】,I医師数【人】
D市町村数【‐】,I医薬品販売業数【所】
D市町村数【‐】,I2500ｇ未満の出生数【人】
D市町村数【‐】,J生活保護被保護実世帯数【世帯】
D市町村数【‐】,J一人当たりの医療費【千円】
D市町村数【‐】,J厚生年金保険受給権者年金総額【千円】
D市町村数【‐】,K消防本部・署数【署】
D市町村数【‐】,K交通事故発生件数【件】
D財政力指数（都道府県財政）【‐】,D実質収支比率（都道府県財政）【％】
D財政力指数（都道府県財政）【‐】,D経常収支比率（都道府県財政）【％】
D財政力指数（都道府県財政）【‐】,D歳入決算総額（都道府県財政）【千円】
D財政力指数（都道府県財政）【‐】,D地方税（都道府県財政）【千円】
D財政力指数（都道府県財政）【‐】,D教育費（都道府県財政）【千円】
D財政力指数（都道府県財政）【‐】,D人件費（都道府県財政）【千円】
D財政力指数（都道府県財政）【‐】,D普通税（地方税）【千円】
D財政力指数（都道府県財政）【‐】,D行政総投資額【千円】
D財政力指数（都道府県財政）【‐】,E幼稚園数【園】
D財政力指数（都道府県財政）【‐】,E小学校数【校】
D財政力指数（都道府県財政）【‐】,E中学校数【校】
D財政力指数（都道府県財政）【‐】,E高等学校数【校】
D財政力指数（都道府県財政）【‐】,E大学数【校】
D財政力指数（都道府県財政）【‐】,F新規求職申込件数（一般）【件】
D財政力指数（都道府県財政）【‐】,F所定内実労働時間数（男）（～2019）【時間】
D財政力指数（都道府県財政）【‐】,F超過実労働時間数（男）（～2019）【時間】
D財政力指数（都道府県財政）【‐】,G社会教育関係職員数【人】
D財政力指数（都道府県財政）【‐】,G公民館数【館】
D財政力指数（都道府県財政）【‐】,G図書館数【館】
D財政力指数（都道府県財政）【‐】,G博物館数【館】
D財政力指数（都道府県財政）【‐】,G社会体育施設数【施設】
D財政力指数（都道府県財政）【‐】,G重要文化財指定件数【件】
D財政力指数（都道府県財政）【‐】,G仏教系信者数【人】
D財政力指数（都道府県財政）【‐】,GＮＰＯ法人認証数【法人】
D財政力指数（都道府県財政）【‐】,G献血者数【人】
D財政力指数（都道府県財政）【‐】,Hガソリン販売量【ｋｌ】
D財政力指数（都道府県財政）【‐】,Hごみ処理量（総量）【ｔ】
D財政力指数（都道府県財政）【‐】,H道路実延長【ｋｍ】
D財政力指数（都道府県財政）【‐】,H都市公園数【箇所】
D財政力指数（都道府県財政）【‐】,I身長（高校2年）（男）【ｃｍ】
D財政力指数（都道府県財政）【‐】,I身長（高校2年）（女）【ｃｍ】
D財政力指数（都道府県財政）【‐】,I体重（高校2年）（男）【ｋｇ】
D財政力指数（都道府県財政）【‐】,I体重（高校2年）（女）【ｋｇ】
D財政力指数（都道府県財政）【‐】,I50ｍ走（中学2年）（男）【秒】
D財政力指数（都道府県財政）【‐】,I病院数【施設】
D財政力指数（都道府県財政）【‐】,I医師数【人】
D財政力指数（都道府県財政）【‐】,I医薬品販売業数【所】
D財政力指数（都道府県財政）【‐】,I2500ｇ未満の出生数【人】
D財政力指数（都道府県財政）【‐】,J生活保護被保護実世帯数【世帯】
D財政力指数（都道府県財政）【‐】,J一人当たりの医療費【千円】
D財政力指数（都道府県財政）【‐】,J厚生年金保険受給権者年金総額【千円】
D財政力指数（都道府県財政）【‐】,K消防本部・署数【署】
D財政力指数（都道府県財政）【‐】,K交通事故発生件数【件】
D実質収支比率（都道府県財政）【％】,D経常収支比率（都道府県財政）【％】
D実質収支比率（都道府県財政）【％】,D歳入決算総額（都道府県財政）【千円】
D実質収支比率（都道府県財政）【％】,D地方税（都道府県財政）【千円】
D実質収支比率（都道府県財政）【％】,D教育費（都道府県財政）【千円】
D実質収支比率（都道府県財政）【％】,D人件費（都道府県財政）【千円】
D実質収支比率（都道府県財政）【％】,D普通税（地方税）【千円】
D実質収支比率（都道府県財政）【％】,D行政総投資額【千円】
D実質収支比率（都道府県財政）【％】,E幼稚園数【園】
D実質収支比率（都道府県財政）【％】,E小学校数【校】
D実質収支比率（都道府県財政）【％】,E中学校数【校】
D実質収支比率（都道府県財政）【％】,E高等学校数【校】
D実質収支比率（都道府県財政）【％】,E大学数【校】
D実質収支比率（都道府県財政）【％】,F新規求職申込件数（一般）【件】
D実質収支比率（都道府県財政）【％】,F所定内実労働時間数（男）（～2019）【時間】
D実質収支比率（都道府県財政）【％】,F超過実労働時間数（男）（～2019）【時間】
D実質収支比率（都道府県財政）【％】,G社会教育関係職員数【人】
D実質収支比率（都道府県財政）【％】,G公民館数【館】
D実質収支比率（都道府県財政）【％】,G図書館数【館】
D実質収支比率（都道府県財政）【％】,G博物館数【館】
D実質収支比率（都道府県財政）【％】,G社会体育施設数【施設】
D実質収支比率（都道府県財政）【％】,G重要文化財指定件数【件】
D実質収支比率（都道府県財政）【％】,G仏教系信者数【人】
D実質収支比率（都道府県財政）【％】,GＮＰＯ法人認証数【法人】
D実質収支比率（都道府県財政）【％】,G献血者数【人】
D実質収支比率（都道府県財政）【％】,Hガソリン販売量【ｋｌ】
D実質収支比率（都道府県財政）【％】,Hごみ処理量（総量）【ｔ】
D実質収支比率（都道府県財政）【％】,H道路実延長【ｋｍ】
D実質収支比率（都道府県財政）【％】,H都市公園数【箇所】
D実質収支比率（都道府県財政）【％】,I身長（高校2年）（男）【ｃｍ】
D実質収支比率（都道府県財政）【％】,I身長（高校2年）（女）【ｃｍ】
D実質収支比率（都道府県財政）【％】,I体重（高校2年）（男）【ｋｇ】
D実質収支比率（都道府県財政）【％】,I体重（高校2年）（女）【ｋｇ】
D実質収支比率（都道府県財政）【％】,I50ｍ走（中学2年）（男）【秒】
D実質収支比率（都道府県財政）【％】,I病院数【施設】
D実質収支比率（都道府県財政）【％】,I医師数【人】
D実質収支比率（都道府県財政）【％】,I医薬品販売業数【所】
D実質収支比率（都道府県財政）【％】,I2500ｇ未満の出生数【人】
D実質収支比率（都道府県財政）【％】,J生活保護被保護実世帯数【世帯】
D実質収支比率（都道府県財政）【％】,J一人当たりの医療費【千円】
D実質収支比率（都道府県財政）【％】,J厚生年金保険受給権者年金総額【千円】
D実質収支比率（都道府県財政）【％】,K消防本部・署数【署】
D実質収支比率（都道府県財政）【％】,K交通事故発生件数【件】
D経常収支比率（都道府県財政）【％】,D歳入決算総額（都道府県財政）【千円】
D経常収支比率（都道府県財政）【％】,D地方税（都道府県財政）【千円】
D経常収支比率（都道府県財政）【％】,D教育費（都道府県財政）【千円】
D経常収支比率（都道府県財政）【％】,D人件費（都道府県財政）【千円】
D経常収支比率（都道府県財政）【％】,D普通税（地方税）【千円】
D経常収支比率（都道府県財政）【％】,D行政総投資額【千円】
D経常収支比率（都道府県財政）【％】,E幼稚園数【園】
D経常収支比率（都道府県財政）【％】,E小学校数【校】
D経常収支比率（都道府県財政）【％】,E中学校数【校】
D経常収支比率（都道府県財政）【％】,E高等学校数【校】
D経常収支比率（都道府県財政）【％】,E大学数【校】
D経常収支比率（都道府県財政）【％】,F新規求職申込件数（一般）【件】
D経常収支比率（都道府県財政）【％】,F所定内実労働時間数（男）（～2019）【時間】
D経常収支比率（都道府県財政）【％】,F超過実労働時間数（男）（～2019）【時間】
D経常収支比率（都道府県財政）【％】,G社会教育関係職員数【人】
D経常収支比率（都道府県財政）【％】,G公民館数【館】
D経常収支比率（都道府県財政）【％】,G図書館数【館】
D経常収支比率（都道府県財政）【％】,G博物館数【館】
D経常収支比率（都道府県財政）【％】,G社会体育施設数【施設】
D経常収支比率（都道府県財政）【％】,G重要文化財指定件数【件】
D経常収支比率（都道府県財政）【％】,G仏教系信者数【人】
D経常収支比率（都道府県財政）【％】,GＮＰＯ法人認証数【法人】
D経常収支比率（都道府県財政）【％】,G献血者数【人】
D経常収支比率（都道府県財政）【％】,Hガソリン販売量【ｋｌ】
D経常収支比率（都道府県財政）【％】,Hごみ処理量（総量）【ｔ】
D経常収支比率（都道府県財政）【％】,H道路実延長【ｋｍ】
D経常収支比率（都道府県財政）【％】,H都市公園数【箇所】
D経常収支比率（都道府県財政）【％】,I身長（高校2年）（男）【ｃｍ】
D経常収支比率（都道府県財政）【％】,I身長（高校2年）（女）【ｃｍ】
D経常収支比率（都道府県財政）【％】,I体重（高校2年）（男）【ｋｇ】
D経常収支比率（都道府県財政）【％】,I体重（高校2年）（女）【ｋｇ】
D経常収支比率（都道府県財政）【％】,I50ｍ走（中学2年）（男）【秒】
D経常収支比率（都道府県財政）【％】,I病院数【施設】
D経常収支比率（都道府県財政）【％】,I医師数【人】
D経常収支比率（都道府県財政）【％】,I医薬品販売業数【所】
D経常収支比率（都道府県財政）【％】,I2500ｇ未満の出生数【人】
D経常収支比率（都道府県財政）【％】,J生活保護被保護実世帯数【世帯】
D経常収支比率（都道府県財政）【％】,J一人当たりの医療費【千円】
D経常収支比率（都道府県財政）【％】,J厚生年金保険受給権者年金総額【千円】
D経常収支比率（都道府県財政）【％】,K消防本部・署数【署】
D経常収支比率（都道府県財政）【％】,K交通事故発生件数【件】
D歳入決算総額（都道府県財政）【千円】,D地方税（都道府県財政）【千円】
D歳入決算総額（都道府県財政）【千円】,D教育費（都道府県財政）【千円】
D歳入決算総額（都道府県財政）【千円】,D人件費（都道府県財政）【千円】
D歳入決算総額（都道府県財政）【千円】,D普通税（地方税）【千円】
D歳入決算総額（都道府県財政）【千円】,D行政総投資額【千円】
D歳入決算総額（都道府県財政）【千円】,E幼稚園数【園】
D歳入決算総額（都道府県財政）【千円】,E小学校数【校】
D歳入決算総額（都道府県財政）【千円】,E中学校数【校】
D歳入決算総額（都道府県財政）【千円】,E高等学校数【校】
D歳入決算総額（都道府県財政）【千円】,E大学数【校】
D歳入決算総額（都道府県財政）【千円】,F新規求職申込件数（一般）【件】
D歳入決算総額（都道府県財政）【千円】,F所定内実労働時間数（男）（～2019）【時間】
D歳入決算総額（都道府県財政）【千円】,F超過実労働時間数（男）（～2019）【時間】
D歳入決算総額（都道府県財政）【千円】,G社会教育関係職員数【人】
D歳入決算総額（都道府県財政）【千円】,G公民館数【館】
D歳入決算総額（都道府県財政）【千円】,G図書館数【館】
D歳入決算総額（都道府県財政）【千円】,G博物館数【館】
D歳入決算総額（都道府県財政）【千円】,G社会体育施設数【施設】
D歳入決算総額（都道府県財政）【千円】,G重要文化財指定件数【件】
D歳入決算総額（都道府県財政）【千円】,G仏教系信者数【人】
D歳入決算総額（都道府県財政）【千円】,GＮＰＯ法人認証数【法人】
D歳入決算総額（都道府県財政）【千円】,G献血者数【人】
D歳入決算総額（都道府県財政）【千円】,Hガソリン販売量【ｋｌ】
D歳入決算総額（都道府県財政）【千円】,Hごみ処理量（総量）【ｔ】
D歳入決算総額（都道府県財政）【千円】,H道路実延長【ｋｍ】
D歳入決算総額（都道府県財政）【千円】,H都市公園数【箇所】
D歳入決算総額（都道府県財政）【千円】,I身長（高校2年）（男）【ｃｍ】
D歳入決算総額（都道府県財政）【千円】,I身長（高校2年）（女）【ｃｍ】
D歳入決算総額（都道府県財政）【千円】,I体重（高校2年）（男）【ｋｇ】
D歳入決算総額（都道府県財政）【千円】,I体重（高校2年）（女）【ｋｇ】
D歳入決算総額（都道府県財政）【千円】,I50ｍ走（中学2年）（男）【秒】
D歳入決算総額（都道府県財政）【千円】,I病院数【施設】
D歳入決算総額（都道府県財政）【千円】,I医師数【人】
D歳入決算総額（都道府県財政）【千円】,I医薬品販売業数【所】
D歳入決算総額（都道府県財政）【千円】,I2500ｇ未満の出生数【人】
D歳入決算総額（都道府県財政）【千円】,J生活保護被保護実世帯数【世帯】
D歳入決算総額（都道府県財政）【千円】,J一人当たりの医療費【千円】
D歳入決算総額（都道府県財政）【千円】,J厚生年金保険受給権者年金総額【千円】
D歳入決算総額（都道府県財政）【千円】,K消防本部・署数【署】
D歳入決算総額（都道府県財政）【千円】,K交通事故発生件数【件】
D地方税（都道府県財政）【千円】,D教育費（都道府県財政）【千円】
D地方税（都道府県財政）【千円】,D人件費（都道府県財政）【千円】
D地方税（都道府県財政）【千円】,D行政総投資額【千円】
D地方税（都道府県財政）【千円】,E幼稚園数【園】
D地方税（都道府県財政）【千円】,E小学校数【校】
D地方税（都道府県財政）【千円】,E中学校数【校】
D地方税（都道府県財政）【千円】,E高等学校数【校】
D地方税（都道府県財政）【千円】,E大学数【校】
D地方税（都道府県財政）【千円】,F新規求職申込件数（一般）【件】
D地方税（都道府県財政）【千円】,F所定内実労働時間数（男）（～2019）【時間】
D地方税（都道府県財政）【千円】,F超過実労働時間数（男）（～2019）【時間】
D地方税（都道府県財政）【千円】,G社会教育関係職員数【人】
D地方税（都道府県財政）【千円】,G公民館数【館】
D地方税（都道府県財政）【千円】,G図書館数【館】
D地方税（都道府県財政）【千円】,G博物館数【館】
D地方税（都道府県財政）【千円】,G社会体育施設数【施設】
D地方税（都道府県財政）【千円】,G重要文化財指定件数【件】
D地方税（都道府県財政）【千円】,G仏教系信者数【人】
D地方税（都道府県財政）【千円】,GＮＰＯ法人認証数【法人】
D地方税（都道府県財政）【千円】,G献血者数【人】
D地方税（都道府県財政）【千円】,Hガソリン販売量【ｋｌ】
D地方税（都道府県財政）【千円】,Hごみ処理量（総量）【ｔ】
D地方税（都道府県財政）【千円】,H道路実延長【ｋｍ】
D地方税（都道府県財政）【千円】,H都市公園数【箇所】
D地方税（都道府県財政）【千円】,I身長（高校2年）（男）【ｃｍ】
D地方税（都道府県財政）【千円】,I身長（高校2年）（女）【ｃｍ】
D地方税（都道府県財政）【千円】,I体重（高校2年）（男）【ｋｇ】
D地方税（都道府県財政）【千円】,I体重（高校2年）（女）【ｋｇ】
D地方税（都道府県財政）【千円】,I50ｍ走（中学2年）（男）【秒】
D地方税（都道府県財政）【千円】,I病院数【施設】
D地方税（都道府県財政）【千円】,I医師数【人】
D地方税（都道府県財政）【千円】,I医薬品販売業数【所】
D地方税（都道府県財政）【千円】,I2500ｇ未満の出生数【人】
D地方税（都道府県財政）【千円】,J生活保護被保護実世帯数【世帯】
D地方税（都道府県財政）【千円】,J一人当たりの医療費【千円】
D地方税（都道府県財政）【千円】,J厚生年金保険受給権者年金総額【千円】
D地方税（都道府県財政）【千円】,K消防本部・署数【署】
D地方税（都道府県財政）【千円】,K交通事故発生件数【件】
D教育費（都道府県財政）【千円】,D人件費（都道府県財政）【千円】
D教育費（都道府県財政）【千円】,D普通税（地方税）【千円】
D教育費（都道府県財政）【千円】,D行政総投資額【千円】
D教育費（都道府県財政）【千円】,E幼稚園数【園】
D教育費（都道府県財政）【千円】,E小学校数【校】
D教育費（都道府県財政）【千円】,E中学校数【校】
D教育費（都道府県財政）【千円】,E高等学校数【校】
D教育費（都道府県財政）【千円】,E大学数【校】
D教育費（都道府県財政）【千円】,F新規求職申込件数（一般）【件】
D教育費（都道府県財政）【千円】,F所定内実労働時間数（男）（～2019）【時間】
D教育費（都道府県財政）【千円】,F超過実労働時間数（男）（～2019）【時間】
D教育費（都道府県財政）【千円】,G社会教育関係職員数【人】
D教育費（都道府県財政）【千円】,G公民館数【館】
D教育費（都道府県財政）【千円】,G図書館数【館】
D教育費（都道府県財政）【千円】,G博物館数【館】
D教育費（都道府県財政）【千円】,G社会体育施設数【施設】
D教育費（都道府県財政）【千円】,G重要文化財指定件数【件】
D教育費（都道府県財政）【千円】,G仏教系信者数【人】
D教育費（都道府県財政）【千円】,GＮＰＯ法人認証数【法人】
D教育費（都道府県財政）【千円】,G献血者数【人】
D教育費（都道府県財政）【千円】,Hガソリン販売量【ｋｌ】
D教育費（都道府県財政）【千円】,Hごみ処理量（総量）【ｔ】
D教育費（都道府県財政）【千円】,H道路実延長【ｋｍ】
D教育費（都道府県財政）【千円】,H都市公園数【箇所】
D教育費（都道府県財政）【千円】,I身長（高校2年）（男）【ｃｍ】
D教育費（都道府県財政）【千円】,I身長（高校2年）（女）【ｃｍ】
D教育費（都道府県財政）【千円】,I体重（高校2年）（男）【ｋｇ】
D教育費（都道府県財政）【千円】,I体重（高校2年）（女）【ｋｇ】
D教育費（都道府県財政）【千円】,I50ｍ走（中学2年）（男）【秒】
D教育費（都道府県財政）【千円】,I病院数【施設】
D教育費（都道府県財政）【千円】,I医師数【人】
D教育費（都道府県財政）【千円】,I医薬品販売業数【所】
D教育費（都道府県財政）【千円】,I2500ｇ未満の出生数【人】
D教育費（都道府県財政）【千円】,J生活保護被保護実世帯数【世帯】
D教育費（都道府県財政）【千円】,J一人当たりの医療費【千円】
D教育費（都道府県財政）【千円】,J厚生年金保険受給権者年金総額【千円】
D教育費（都道府県財政）【千円】,K消防本部・署数【署】
D教育費（都道府県財政）【千円】,K交通事故発生件数【件】
D人件費（都道府県財政）【千円】,D普通税（地方税）【千円】
D人件費（都道府県財政）【千円】,D行政総投資額【千円】
D人件費（都道府県財政）【千円】,E幼稚園数【園】
D人件費（都道府県財政）【千円】,E小学校数【校】
D人件費（都道府県財政）【千円】,E中学校数【校】
D人件費（都道府県財政）【千円】,E高等学校数【校】
D人件費（都道府県財政）【千円】,E大学数【校】
D人件費（都道府県財政）【千円】,F新規求職申込件数（一般）【件】
D人件費（都道府県財政）【千円】,F所定内実労働時間数（男）（～2019）【時間】
D人件費（都道府県財政）【千円】,F超過実労働時間数（男）（～2019）【時間】
D人件費（都道府県財政）【千円】,G社会教育関係職員数【人】
D人件費（都道府県財政）【千円】,G公民館数【館】
D人件費（都道府県財政）【千円】,G図書館数【館】
D人件費（都道府県財政）【千円】,G博物館数【館】
D人件費（都道府県財政）【千円】,G社会体育施設数【施設】
D人件費（都道府県財政）【千円】,G重要文化財指定件数【件】
D人件費（都道府県財政）【千円】,G仏教系信者数【人】
D人件費（都道府県財政）【千円】,GＮＰＯ法人認証数【法人】
D人件費（都道府県財政）【千円】,G献血者数【人】
D人件費（都道府県財政）【千円】,Hガソリン販売量【ｋｌ】
D人件費（都道府県財政）【千円】,Hごみ処理量（総量）【ｔ】
D人件費（都道府県財政）【千円】,H道路実延長【ｋｍ】
D人件費（都道府県財政）【千円】,H都市公園数【箇所】
D人件費（都道府県財政）【千円】,I身長（高校2年）（男）【ｃｍ】
D人件費（都道府県財政）【千円】,I身長（高校2年）（女）【ｃｍ】
D人件費（都道府県財政）【千円】,I体重（高校2年）（男）【ｋｇ】
D人件費（都道府県財政）【千円】,I体重（高校2年）（女）【ｋｇ】
D人件費（都道府県財政）【千円】,I50ｍ走（中学2年）（男）【秒】
D人件費（都道府県財政）【千円】,I病院数【施設】
D人件費（都道府県財政）【千円】,I医師数【人】
D人件費（都道府県財政）【千円】,I医薬品販売業数【所】
D人件費（都道府県財政）【千円】,I2500ｇ未満の出生数【人】
D人件費（都道府県財政）【千円】,J生活保護被保護実世帯数【世帯】
D人件費（都道府県財政）【千円】,J一人当たりの医療費【千円】
D人件費（都道府県財政）【千円】,J厚生年金保険受給権者年金総額【千円】
D人件費（都道府県財政）【千円】,K消防本部・署数【署】
D人件費（都道府県財政）【千円】,K交通事故発生件数【件】
D普通税（地方税）【千円】,D行政総投資額【千円】
D普通税（地方税）【千円】,E幼稚園数【園】
D普通税（地方税）【千円】,E小学校数【校】
D普通税（地方税）【千円】,E中学校数【校】
D普通税（地方税）【千円】,E高等学校数【校】
D普通税（地方税）【千円】,E大学数【校】
D普通税（地方税）【千円】,F新規求職申込件数（一般）【件】
D普通税（地方税）【千円】,F所定内実労働時間数（男）（～2019）【時間】
D普通税（地方税）【千円】,F超過実労働時間数（男）（～2019）【時間】
D普通税（地方税）【千円】,G社会教育関係職員数【人】
D普通税（地方税）【千円】,G公民館数【館】
D普通税（地方税）【千円】,G図書館数【館】
D普通税（地方税）【千円】,G博物館数【館】
D普通税（地方税）【千円】,G社会体育施設数【施設】
D普通税（地方税）【千円】,G重要文化財指定件数【件】
D普通税（地方税）【千円】,G仏教系信者数【人】
D普通税（地方税）【千円】,GＮＰＯ法人認証数【法人】
D普通税（地方税）【千円】,G献血者数【人】
D普通税（地方税）【千円】,Hガソリン販売量【ｋｌ】
D普通税（地方税）【千円】,Hごみ処理量（総量）【ｔ】
D普通税（地方税）【千円】,H道路実延長【ｋｍ】
D普通税（地方税）【千円】,H都市公園数【箇所】
D普通税（地方税）【千円】,I身長（高校2年）（男）【ｃｍ】
D普通税（地方税）【千円】,I身長（高校2年）（女）【ｃｍ】
D普通税（地方税）【千円】,I体重（高校2年）（男）【ｋｇ】
D普通税（地方税）【千円】,I体重（高校2年）（女）【ｋｇ】
D普通税（地方税）【千円】,I50ｍ走（中学2年）（男）【秒】
D普通税（地方税）【千円】,I病院数【施設】
D普通税（地方税）【千円】,I医師数【人】
D普通税（地方税）【千円】,I医薬品販売業数【所】
D普通税（地方税）【千円】,I2500ｇ未満の出生数【人】
D普通税（地方税）【千円】,J生活保護被保護実世帯数【世帯】
D普通税（地方税）【千円】,J一人当たりの医療費【千円】
D普通税（地方税）【千円】,J厚生年金保険受給権者年金総額【千円】
D普通税（地方税）【千円】,K消防本部・署数【署】
D普通税（地方税）【千円】,K交通事故発生件数【件】
D行政総投資額【千円】,E幼稚園数【園】
D行政総投資額【千円】,E小学校数【校】
D行政総投資額【千円】,E中学校数【校】
D行政総投資額【千円】,E高等学校数【校】
D行政総投資額【千円】,F新規求職申込件数（一般）【件】
D行政総投資額【千円】,F所定内実労働時間数（男）（～2019）【時間】
D行政総投資額【千円】,F超過実労働時間数（男）（～2019）【時間】
D行政総投資額【千円】,G社会教育関係職員数【人】
D行政総投資額【千円】,G公民館数【館】
D行政総投資額【千円】,G図書館数【館】
D行政総投資額【千円】,G博物館数【館】
D行政総投資額【千円】,G社会体育施設数【施設】
D行政総投資額【千円】,G重要文化財指定件数【件】
D行政総投資額【千円】,G仏教系信者数【人】
D行政総投資額【千円】,GＮＰＯ法人認証数【法人】
D行政総投資額【千円】,G献血者数【人】
D行政総投資額【千円】,Hガソリン販売量【ｋｌ】
D行政総投資額【千円】,Hごみ処理量（総量）【ｔ】
D行政総投資額【千円】,H道路実延長【ｋｍ】
D行政総投資額【千円】,H都市公園数【箇所】
D行政総投資額【千円】,I身長（高校2年）（男）【ｃｍ】
D行政総投資額【千円】,I身長（高校2年）（女）【ｃｍ】
D行政総投資額【千円】,I体重（高校2年）（男）【ｋｇ】
D行政総投資額【千円】,I体重（高校2年）（女）【ｋｇ】
D行政総投資額【千円】,I50ｍ走（中学2年）（男）【秒】
D行政総投資額【千円】,I病院数【施設】
D行政総投資額【千円】,I医師数【人】
D行政総投資額【千円】,I医薬品販売業数【所】
D行政総投資額【千円】,I2500ｇ未満の出生数【人】
D行政総投資額【千円】,J生活保護被保護実世帯数【世帯】
D行政総投資額【千円】,J一人当たりの医療費【千円】
D行政総投資額【千円】,J厚生年金保険受給権者年金総額【千円】
D行政総投資額【千円】,K消防本部・署数【署】
D行政総投資額【千円】,K交通事故発生件数【件】
E幼稚園数【園】,E小学校数【校】
E幼稚園数【園】,E中学校数【校】
E幼稚園数【園】,E高等学校数【校】
E幼稚園数【園】,E大学数【校】
E幼稚園数【園】,F新規求職申込件数（一般）【件】
E幼稚園数【園】,F所定内実労働時間数（男）（～2019）【時間】
E幼稚園数【園】,F超過実労働時間数（男）（～2019）【時間】
E幼稚園数【園】,G社会教育関係職員数【人】
E幼稚園数【園】,G公民館数【館】
E幼稚園数【園】,G図書館数【館】
E幼稚園数【園】,G博物館数【館】
E幼稚園数【園】,G社会体育施設数【施設】
E幼稚園数【園】,G重要文化財指定件数【件】
E幼稚園数【園】,G仏教系信者数【人】
E幼稚園数【園】,GＮＰＯ法人認証数【法人】
E幼稚園数【園】,G献血者数【人】
E幼稚園数【園】,Hガソリン販売量【ｋｌ】
E幼稚園数【園】,Hごみ処理量（総量）【ｔ】
E幼稚園数【園】,H道路実延長【ｋｍ】
E幼稚園数【園】,H都市公園数【箇所】
E幼稚園数【園】,I身長（高校2年）（男）【ｃｍ】
E幼稚園数【園】,I身長（高校2年）（女）【ｃｍ】
E幼稚園数【園】,I体重（高校2年）（男）【ｋｇ】
E幼稚園数【園】,I体重（高校2年）（女）【ｋｇ】
E幼稚園数【園】,I50ｍ走（中学2年）（男）【秒】
E幼稚園数【園】,I病院数【施設】
E幼稚園数【園】,I医師数【人】
E幼稚園数【園】,I医薬品販売業数【所】
E幼稚園数【園】,I2500ｇ未満の出生数【人】
E幼稚園数【園】,J生活保護被保護実世帯数【世帯】
E幼稚園数【園】,J一人当たりの医療費【千円】
E幼稚園数【園】,J厚生年金保険受給権者年金総額【千円】
E幼稚園数【園】,K消防本部・署数【署】
E幼稚園数【園】,K交通事故発生件数【件】
E小学校数【校】,E中学校数【校】
E小学校数【校】,E大学数【校】
E小学校数【校】,F新規求職申込件数（一般）【件】
E小学校数【校】,F所定内実労働時間数（男）（～2019）【時間】
E小学校数【校】,F超過実労働時間数（男）（～2019）【時間】
E小学校数【校】,G社会教育関係職員数【人】
E小学校数【校】,G博物館数【館】
E小学校数【校】,G社会体育施設数【施設】
E小学校数【校】,G仏教系信者数【人】
E小学校数【校】,G献血者数【人】
E小学校数【校】,Hガソリン販売量【ｋｌ】
E小学校数【校】,Hごみ処理量（総量）【ｔ】
E小学校数【校】,I身長（高校2年）（男）【ｃｍ】
E小学校数【校】,I身長（高校2年）（女）【ｃｍ】
E小学校数【校】,I体重（高校2年）（男）【ｋｇ】
E小学校数【校】,I体重（高校2年）（女）【ｋｇ】
E小学校数【校】,I50ｍ走（中学2年）（男）【秒】
E小学校数【校】,I医薬品販売業数【所】
E小学校数【校】,I2500ｇ未満の出生数【人】
E小学校数【校】,J厚生年金保険受給権者年金総額【千円】
E小学校数【校】,K消防本部・署数【署】
E小学校数【校】,K交通事故発生件数【件】
E中学校数【校】,E高等学校数【校】
E中学校数【校】,E大学数【校】
E中学校数【校】,F新規求職申込件数（一般）【件】
E中学校数【校】,F所定内実労働時間数（男）（～2019）【時間】
E中学校数【校】,F超過実労働時間数（男）（～2019）【時間】
E中学校数【校】,G社会教育関係職員数【人】
E中学校数【校】,G公民館数【館】
E中学校数【校】,G図書館数【館】
E中学校数【校】,G博物館数【館】
E中学校数【校】,G社会体育施設数【施設】
E中学校数【校】,G重要文化財指定件数【件】
E中学校数【校】,G仏教系信者数【人】
E中学校数【校】,GＮＰＯ法人認証数【法人】
E中学校数【校】,G献血者数【人】
E中学校数【校】,Hガソリン販売量【ｋｌ】
E中学校数【校】,Hごみ処理量（総量）【ｔ】
E中学校数【校】,H道路実延長【ｋｍ】
E中学校数【校】,H都市公園数【箇所】
E中学校数【校】,I身長（高校2年）（男）【ｃｍ】
E中学校数【校】,I身長（高校2年）（女）【ｃｍ】
E中学校数【校】,I体重（高校2年）（男）【ｋｇ】
E中学校数【校】,I体重（高校2年）（女）【ｋｇ】
E中学校数【校】,I50ｍ走（中学2年）（男）【秒】
E中学校数【校】,I病院数【施設】
E中学校数【校】,I医師数【人】
E中学校数【校】,I医薬品販売業数【所】
E中学校数【校】,I2500ｇ未満の出生数【人】
E中学校数【校】,J生活保護被保護実世帯数【世帯】
E中学校数【校】,J一人当たりの医療費【千円】
E中学校数【校】,J厚生年金保険受給権者年金総額【千円】
E中学校数【校】,K消防本部・署数【署】
E中学校数【校】,K交通事故発生件数【件】
E高等学校数【校】,E大学数【校】
E高等学校数【校】,F新規求職申込件数（一般）【件】
E高等学校数【校】,F所定内実労働時間数（男）（～2019）【時間】
E高等学校数【校】,F超過実労働時間数（男）（～2019）【時間】
E高等学校数【校】,G社会教育関係職員数【人】
E高等学校数【校】,G図書館数【館】
E高等学校数【校】,G博物館数【館】
E高等学校数【校】,G社会体育施設数【施設】
E高等学校数【校】,G仏教系信者数【人】
E高等学校数【校】,G献血者数【人】
E高等学校数【校】,Hガソリン販売量【ｋｌ】
E高等学校数【校】,H道路実延長【ｋｍ】
E高等学校数【校】,I身長（高校2年）（男）【ｃｍ】
E高等学校数【校】,I身長（高校2年）（女）【ｃｍ】
E高等学校数【校】,I体重（高校2年）（男）【ｋｇ】
E高等学校数【校】,I体重（高校2年）（女）【ｋｇ】
E高等学校数【校】,I50ｍ走（中学2年）（男）【秒】
E高等学校数【校】,I医薬品販売業数【所】
E高等学校数【校】,I2500ｇ未満の出生数【人】
E高等学校数【校】,J厚生年金保険受給権者年金総額【千円】
E高等学校数【校】,K消防本部・署数【署】
E高等学校数【校】,K交通事故発生件数【件】
E大学数【校】,F新規求職申込件数（一般）【件】
E大学数【校】,F所定内実労働時間数（男）（～2019）【時間】
E大学数【校】,F超過実労働時間数（男）（～2019）【時間】
E大学数【校】,G社会教育関係職員数【人】
E大学数【校】,G公民館数【館】
E大学数【校】,G図書館数【館】
E大学数【校】,G博物館数【館】
E大学数【校】,G社会体育施設数【施設】
E大学数【校】,G重要文化財指定件数【件】
E大学数【校】,G仏教系信者数【人】
E大学数【校】,GＮＰＯ法人認証数【法人】
E大学数【校】,G献血者数【人】
E大学数【校】,Hガソリン販売量【ｋｌ】
E大学数【校】,Hごみ処理量（総量）【ｔ】
E大学数【校】,H道路実延長【ｋｍ】
E大学数【校】,H都市公園数【箇所】
E大学数【校】,I身長（高校2年）（男）【ｃｍ】
E大学数【校】,I身長（高校2年）（女）【ｃｍ】
E大学数【校】,I体重（高校2年）（男）【ｋｇ】
E大学数【校】,I体重（高校2年）（女）【ｋｇ】
E大学数【校】,I50ｍ走（中学2年）（男）【秒】
E大学数【校】,I病院数【施設】
E大学数【校】,I医師数【人】
E大学数【校】,I医薬品販売業数【所】
E大学数【校】,I2500ｇ未満の出生数【人】
E大学数【校】,J生活保護被保護実世帯数【世帯】
E大学数【校】,J一人当たりの医療費【千円】
E大学数【校】,K消防本部・署数【署】
E大学数【校】,K交通事故発生件数【件】
F新規求職申込件数（一般）【件】,F所定内実労働時間数（男）（～2019）【時間】
F新規求職申込件数（一般）【件】,F超過実労働時間数（男）（～2019）【時間】
F新規求職申込件数（一般）【件】,G社会教育関係職員数【人】
F新規求職申込件数（一般）【件】,G公民館数【館】
F新規求職申込件数（一般）【件】,G図書館数【館】
F新規求職申込件数（一般）【件】,G博物館数【館】
F新規求職申込件数（一般）【件】,G社会体育施設数【施設】
F新規求職申込件数（一般）【件】,G重要文化財指定件数【件】
F新規求職申込件数（一般）【件】,G仏教系信者数【人】
F新規求職申込件数（一般）【件】,GＮＰＯ法人認証数【法人】
F新規求職申込件数（一般）【件】,G献血者数【人】
F新規求職申込件数（一般）【件】,Hガソリン販売量【ｋｌ】
F新規求職申込件数（一般）【件】,Hごみ処理量（総量）【ｔ】
F新規求職申込件数（一般）【件】,H道路実延長【ｋｍ】
F新規求職申込件数（一般）【件】,H都市公園数【箇所】
F新規求職申込件数（一般）【件】,I身長（高校2年）（男）【ｃｍ】
F新規求職申込件数（一般）【件】,I身長（高校2年）（女）【ｃｍ】
F新規求職申込件数（一般）【件】,I体重（高校2年）（男）【ｋｇ】
F新規求職申込件数（一般）【件】,I体重（高校2年）（女）【ｋｇ】
F新規求職申込件数（一般）【件】,I50ｍ走（中学2年）（男）【秒】
F新規求職申込件数（一般）【件】,I病院数【施設】
F新規求職申込件数（一般）【件】,I医師数【人】
F新規求職申込件数（一般）【件】,I医薬品販売業数【所】
F新規求職申込件数（一般）【件】,I2500ｇ未満の出生数【人】
F新規求職申込件数（一般）【件】,J生活保護被保護実世帯数【世帯】
F新規求職申込件数（一般）【件】,J一人当たりの医療費【千円】
F新規求職申込件数（一般）【件】,J厚生年金保険受給権者年金総額【千円】
F新規求職申込件数（一般）【件】,K消防本部・署数【署】
F新規求職申込件数（一般）【件】,K交通事故発生件数【件】
F所定内実労働時間数（男）（～2019）【時間】,F超過実労働時間数（男）（～2019）【時間】
F所定内実労働時間数（男）（～2019）【時間】,G社会教育関係職員数【人】
F所定内実労働時間数（男）（～2019）【時間】,G公民館数【館】
F所定内実労働時間数（男）（～2019）【時間】,G図書館数【館】
F所定内実労働時間数（男）（～2019）【時間】,G博物館数【館】
F所定内実労働時間数（男）（～2019）【時間】,G社会体育施設数【施設】
F所定内実労働時間数（男）（～2019）【時間】,G重要文化財指定件数【件】
F所定内実労働時間数（男）（～2019）【時間】,G仏教系信者数【人】
F所定内実労働時間数（男）（～2019）【時間】,GＮＰＯ法人認証数【法人】
F所定内実労働時間数（男）（～2019）【時間】,G献血者数【人】
F所定内実労働時間数（男）（～2019）【時間】,Hガソリン販売量【ｋｌ】
F所定内実労働時間数（男）（～2019）【時間】,Hごみ処理量（総量）【ｔ】
F所定内実労働時間数（男）（～2019）【時間】,H道路実延長【ｋｍ】
F所定内実労働時間数（男）（～2019）【時間】,H都市公園数【箇所】
F所定内実労働時間数（男）（～2019）【時間】,I身長（高校2年）（男）【ｃｍ】
F所定内実労働時間数（男）（～2019）【時間】,I身長（高校2年）（女）【ｃｍ】
F所定内実労働時間数（男）（～2019）【時間】,I体重（高校2年）（男）【ｋｇ】
F所定内実労働時間数（男）（～2019）【時間】,I体重（高校2年）（女）【ｋｇ】
F所定内実労働時間数（男）（～2019）【時間】,I50ｍ走（中学2年）（男）【秒】
F所定内実労働時間数（男）（～2019）【時間】,I病院数【施設】
F所定内実労働時間数（男）（～2019）【時間】,I医師数【人】
F所定内実労働時間数（男）（～2019）【時間】,I医薬品販売業数【所】
F所定内実労働時間数（男）（～2019）【時間】,I2500ｇ未満の出生数【人】
F所定内実労働時間数（男）（～2019）【時間】,J生活保護被保護実世帯数【世帯】
F所定内実労働時間数（男）（～2019）【時間】,J一人当たりの医療費【千円】
F所定内実労働時間数（男）（～2019）【時間】,J厚生年金保険受給権者年金総額【千円】
F所定内実労働時間数（男）（～2019）【時間】,K消防本部・署数【署】
F所定内実労働時間数（男）（～2019）【時間】,K交通事故発生件数【件】
F超過実労働時間数（男）（～2019）【時間】,G社会教育関係職員数【人】
F超過実労働時間数（男）（～2019）【時間】,G公民館数【館】
F超過実労働時間数（男）（～2019）【時間】,G図書館数【館】
F超過実労働時間数（男）（～2019）【時間】,G博物館数【館】
F超過実労働時間数（男）（～2019）【時間】,G社会体育施設数【施設】
F超過実労働時間数（男）（～2019）【時間】,G重要文化財指定件数【件】
F超過実労働時間数（男）（～2019）【時間】,G仏教系信者数【人】
F超過実労働時間数（男）（～2019）【時間】,GＮＰＯ法人認証数【法人】
F超過実労働時間数（男）（～2019）【時間】,G献血者数【人】
F超過実労働時間数（男）（～2019）【時間】,Hガソリン販売量【ｋｌ】
F超過実労働時間数（男）（～2019）【時間】,Hごみ処理量（総量）【ｔ】
F超過実労働時間数（男）（～2019）【時間】,H道路実延長【ｋｍ】
F超過実労働時間数（男）（～2019）【時間】,H都市公園数【箇所】
F超過実労働時間数（男）（～2019）【時間】,I身長（高校2年）（男）【ｃｍ】
F超過実労働時間数（男）（～2019）【時間】,I身長（高校2年）（女）【ｃｍ】
F超過実労働時間数（男）（～2019）【時間】,I体重（高校2年）（男）【ｋｇ】
F超過実労働時間数（男）（～2019）【時間】,I体重（高校2年）（女）【ｋｇ】
F超過実労働時間数（男）（～2019）【時間】,I50ｍ走（中学2年）（男）【秒】
F超過実労働時間数（男）（～2019）【時間】,I病院数【施設】
F超過実労働時間数（男）（～2019）【時間】,I医師数【人】
F超過実労働時間数（男）（～2019）【時間】,I医薬品販売業数【所】
F超過実労働時間数（男）（～2019）【時間】,I2500ｇ未満の出生数【人】
F超過実労働時間数（男）（～2019）【時間】,J生活保護被保護実世帯数【世帯】
F超過実労働時間数（男）（～2019）【時間】,J一人当たりの医療費【千円】
F超過実労働時間数（男）（～2019）【時間】,J厚生年金保険受給権者年金総額【千円】
F超過実労働時間数（男）（～2019）【時間】,K消防本部・署数【署】
F超過実労働時間数（男）（～2019）【時間】,K交通事故発生件数【件】
G社会教育関係職員数【人】,G公民館数【館】
G社会教育関係職員数【人】,G図書館数【館】
G社会教育関係職員数【人】,G博物館数【館】
G社会教育関係職員数【人】,G社会体育施設数【施設】
G社会教育関係職員数【人】,G重要文化財指定件数【件】
G社会教育関係職員数【人】,G仏教系信者数【人】
G社会教育関係職員数【人】,GＮＰＯ法人認証数【法人】
G社会教育関係職員数【人】,G献血者数【人】
G社会教育関係職員数【人】,Hガソリン販売量【ｋｌ】
G社会教育関係職員数【人】,Hごみ処理量（総量）【ｔ】
G社会教育関係職員数【人】,H道路実延長【ｋｍ】
G社会教育関係職員数【人】,H都市公園数【箇所】
G社会教育関係職員数【人】,I身長（高校2年）（男）【ｃｍ】
G社会教育関係職員数【人】,I身長（高校2年）（女）【ｃｍ】
G社会教育関係職員数【人】,I体重（高校2年）（男）【ｋｇ】
G社会教育関係職員数【人】,I体重（高校2年）（女）【ｋｇ】
G社会教育関係職員数【人】,I50ｍ走（中学2年）（男）【秒】
G社会教育関係職員数【人】,I病院数【施設】
G社会教育関係職員数【人】,I医師数【人】
G社会教育関係職員数【人】,I医薬品販売業数【所】
G社会教育関係職員数【人】,I2500ｇ未満の出生数【人】
G社会教育関係職員数【人】,J生活保護被保護実世帯数【世帯】
G社会教育関係職員数【人】,J一人当たりの医療費【千円】
G社会教育関係職員数【人】,J厚生年金保険受給権者年金総額【千円】
G社会教育関係職員数【人】,K消防本部・署数【署】
G社会教育関係職員数【人】,K交通事故発生件数【件】
G公民館数【館】,G博物館数【館】
G公民館数【館】,G社会体育施設数【施設】
G公民館数【館】,G仏教系信者数【人】
G公民館数【館】,G献血者数【人】
G公民館数【館】,Hガソリン販売量【ｋｌ】
G公民館数【館】,Hごみ処理量（総量）【ｔ】
G公民館数【館】,I身長（高校2年）（男）【ｃｍ】
G公民館数【館】,I身長（高校2年）（女）【ｃｍ】
G公民館数【館】,I体重（高校2年）（男）【ｋｇ】
G公民館数【館】,I体重（高校2年）（女）【ｋｇ】
G公民館数【館】,I50ｍ走（中学2年）（男）【秒】
G公民館数【館】,I医薬品販売業数【所】
G公民館数【館】,I2500ｇ未満の出生数【人】
G公民館数【館】,J厚生年金保険受給権者年金総額【千円】
G公民館数【館】,K消防本部・署数【署】
G公民館数【館】,K交通事故発生件数【件】
G図書館数【館】,G博物館数【館】
G図書館数【館】,G社会体育施設数【施設】
G図書館数【館】,G仏教系信者数【人】
G図書館数【館】,G献血者数【人】
G図書館数【館】,Hガソリン販売量【ｋｌ】
G図書館数【館】,Hごみ処理量（総量）【ｔ】
G図書館数【館】,I身長（高校2年）（男）【ｃｍ】
G図書館数【館】,I身長（高校2年）（女）【ｃｍ】
G図書館数【館】,I体重（高校2年）（男）【ｋｇ】
G図書館数【館】,I体重（高校2年）（女）【ｋｇ】
G図書館数【館】,I50ｍ走（中学2年）（男）【秒】
G図書館数【館】,I医薬品販売業数【所】
G図書館数【館】,I2500ｇ未満の出生数【人】
G図書館数【館】,K消防本部・署数【署】
G図書館数【館】,K交通事故発生件数【件】
G博物館数【館】,G社会体育施設数【施設】
G博物館数【館】,G重要文化財指定件数【件】
G博物館数【館】,G仏教系信者数【人】
G博物館数【館】,GＮＰＯ法人認証数【法人】
G博物館数【館】,G献血者数【人】
G博物館数【館】,Hガソリン販売量【ｋｌ】
G博物館数【館】,Hごみ処理量（総量）【ｔ】
G博物館数【館】,H道路実延長【ｋｍ】
G博物館数【館】,H都市公園数【箇所】
G博物館数【館】,I身長（高校2年）（男）【ｃｍ】
G博物館数【館】,I身長（高校2年）（女）【ｃｍ】
G博物館数【館】,I体重（高校2年）（男）【ｋｇ】
G博物館数【館】,I体重（高校2年）（女）【ｋｇ】
G博物館数【館】,I50ｍ走（中学2年）（男）【秒】
G博物館数【館】,I病院数【施設】
G博物館数【館】,I医師数【人】
G博物館数【館】,I医薬品販売業数【所】
G博物館数【館】,I2500ｇ未満の出生数【人】
G博物館数【館】,J生活保護被保護実世帯数【世帯】
G博物館数【館】,J一人当たりの医療費【千円】
G博物館数【館】,J厚生年金保険受給権者年金総額【千円】
G博物館数【館】,K消防本部・署数【署】
G博物館数【館】,K交通事故発生件数【件】
G社会体育施設数【施設】,G重要文化財指定件数【件】
G社会体育施設数【施設】,G仏教系信者数【人】
G社会体育施設数【施設】,GＮＰＯ法人認証数【法人】
G社会体育施設数【施設】,G献血者数【人】
G社会体育施設数【施設】,Hガソリン販売量【ｋｌ】
G社会体育施設数【施設】,Hごみ処理量（総量）【ｔ】
G社会体育施設数【施設】,H道路実延長【ｋｍ】
G社会体育施設数【施設】,H都市公園数【箇所】
G社会体育施設数【施設】,I身長（高校2年）（男）【ｃｍ】
G社会体育施設数【施設】,I身長（高校2年）（女）【ｃｍ】
G社会体育施設数【施設】,I体重（高校2年）（男）【ｋｇ】
G社会体育施設数【施設】,I体重（高校2年）（女）【ｋｇ】
G社会体育施設数【施設】,I50ｍ走（中学2年）（男）【秒】
G社会体育施設数【施設】,I病院数【施設】
G社会体育施設数【施設】,I医師数【人】
G社会体育施設数【施設】,I医薬品販売業数【所】
G社会体育施設数【施設】,I2500ｇ未満の出生数【人】
G社会体育施設数【施設】,J生活保護被保護実世帯数【世帯】
G社会体育施設数【施設】,J一人当たりの医療費【千円】
G社会体育施設数【施設】,J厚生年金保険受給権者年金総額【千円】
G社会体育施設数【施設】,K消防本部・署数【署】
G社会体育施設数【施設】,K交通事故発生件数【件】
G重要文化財指定件数【件】,G仏教系信者数【人】
G重要文化財指定件数【件】,G献血者数【人】
G重要文化財指定件数【件】,Hガソリン販売量【ｋｌ】
G重要文化財指定件数【件】,Hごみ処理量（総量）【ｔ】
G重要文化財指定件数【件】,I身長（高校2年）（男）【ｃｍ】
G重要文化財指定件数【件】,I身長（高校2年）（女）【ｃｍ】
G重要文化財指定件数【件】,I体重（高校2年）（男）【ｋｇ】
G重要文化財指定件数【件】,I体重（高校2年）（女）【ｋｇ】
G重要文化財指定件数【件】,I50ｍ走（中学2年）（男）【秒】
G重要文化財指定件数【件】,I医薬品販売業数【所】
G重要文化財指定件数【件】,I2500ｇ未満の出生数【人】
G重要文化財指定件数【件】,J厚生年金保険受給権者年金総額【千円】
G重要文化財指定件数【件】,K消防本部・署数【署】
G重要文化財指定件数【件】,K交通事故発生件数【件】
G仏教系信者数【人】,GＮＰＯ法人認証数【法人】
G仏教系信者数【人】,G献血者数【人】
G仏教系信者数【人】,Hガソリン販売量【ｋｌ】
G仏教系信者数【人】,Hごみ処理量（総量）【ｔ】
G仏教系信者数【人】,H道路実延長【ｋｍ】
G仏教系信者数【人】,H都市公園数【箇所】
G仏教系信者数【人】,I身長（高校2年）（男）【ｃｍ】
G仏教系信者数【人】,I身長（高校2年）（女）【ｃｍ】
G仏教系信者数【人】,I体重（高校2年）（男）【ｋｇ】
G仏教系信者数【人】,I体重（高校2年）（女）【ｋｇ】
G仏教系信者数【人】,I50ｍ走（中学2年）（男）【秒】
G仏教系信者数【人】,I病院数【施設】
G仏教系信者数【人】,I医師数【人】
G仏教系信者数【人】,I医薬品販売業数【所】
G仏教系信者数【人】,I2500ｇ未満の出生数【人】
G仏教系信者数【人】,J生活保護被保護実世帯数【世帯】
G仏教系信者数【人】,J一人当たりの医療費【千円】
G仏教系信者数【人】,J厚生年金保険受給権者年金総額【千円】
G仏教系信者数【人】,K消防本部・署数【署】
G仏教系信者数【人】,K交通事故発生件数【件】
GＮＰＯ法人認証数【法人】,G献血者数【人】
GＮＰＯ法人認証数【法人】,Hガソリン販売量【ｋｌ】
GＮＰＯ法人認証数【法人】,Hごみ処理量（総量）【ｔ】
GＮＰＯ法人認証数【法人】,I身長（高校2年）（男）【ｃｍ】
GＮＰＯ法人認証数【法人】,I身長（高校2年）（女）【ｃｍ】
GＮＰＯ法人認証数【法人】,I体重（高校2年）（男）【ｋｇ】
GＮＰＯ法人認証数【法人】,I体重（高校2年）（女）【ｋｇ】
GＮＰＯ法人認証数【法人】,I50ｍ走（中学2年）（男）【秒】
GＮＰＯ法人認証数【法人】,I医薬品販売業数【所】
GＮＰＯ法人認証数【法人】,I2500ｇ未満の出生数【人】
GＮＰＯ法人認証数【法人】,J厚生年金保険受給権者年金総額【千円】
GＮＰＯ法人認証数【法人】,K消防本部・署数【署】
GＮＰＯ法人認証数【法人】,K交通事故発生件数【件】
G献血者数【人】,Hガソリン販売量【ｋｌ】
G献血者数【人】,Hごみ処理量（総量）【ｔ】
G献血者数【人】,H道路実延長【ｋｍ】
G献血者数【人】,H都市公園数【箇所】
G献血者数【人】,I身長（高校2年）（男）【ｃｍ】
G献血者数【人】,I身長（高校2年）（女）【ｃｍ】
G献血者数【人】,I体重（高校2年）（男）【ｋｇ】
G献血者数【人】,I体重（高校2年）（女）【ｋｇ】
G献血者数【人】,I50ｍ走（中学2年）（男）【秒】
G献血者数【人】,I病院数【施設】
G献血者数【人】,I医師数【人】
G献血者数【人】,I医薬品販売業数【所】
G献血者数【人】,I2500ｇ未満の出生数【人】
G献血者数【人】,J生活保護被保護実世帯数【世帯】
G献血者数【人】,J一人当たりの医療費【千円】
G献血者数【人】,J厚生年金保険受給権者年金総額【千円】
G献血者数【人】,K消防本部・署数【署】
G献血者数【人】,K交通事故発生件数【件】
Hガソリン販売量【ｋｌ】,Hごみ処理量（総量）【ｔ】
Hガソリン販売量【ｋｌ】,H道路実延長【ｋｍ】
Hガソリン販売量【ｋｌ】,H都市公園数【箇所】
Hガソリン販売量【ｋｌ】,I身長（高校2年）（男）【ｃｍ】
Hガソリン販売量【ｋｌ】,I身長（高校2年）（女）【ｃｍ】
Hガソリン販売量【ｋｌ】,I体重（高校2年）（男）【ｋｇ】
Hガソリン販売量【ｋｌ】,I体重（高校2年）（女）【ｋｇ】
Hガソリン販売量【ｋｌ】,I50ｍ走（中学2年）（男）【秒】
Hガソリン販売量【ｋｌ】,I病院数【施設】
Hガソリン販売量【ｋｌ】,I医師数【人】
Hガソリン販売量【ｋｌ】,I医薬品販売業数【所】
Hガソリン販売量【ｋｌ】,I2500ｇ未満の出生数【人】
Hガソリン販売量【ｋｌ】,J生活保護被保護実世帯数【世帯】
Hガソリン販売量【ｋｌ】,J一人当たりの医療費【千円】
Hガソリン販売量【ｋｌ】,J厚生年金保険受給権者年金総額【千円】
Hガソリン販売量【ｋｌ】,K消防本部・署数【署】
Hごみ処理量（総量）【ｔ】,H道路実延長【ｋｍ】
Hごみ処理量（総量）【ｔ】,H都市公園数【箇所】
Hごみ処理量（総量）【ｔ】,I身長（高校2年）（男）【ｃｍ】
Hごみ処理量（総量）【ｔ】,I身長（高校2年）（女）【ｃｍ】
Hごみ処理量（総量）【ｔ】,I体重（高校2年）（男）【ｋｇ】
Hごみ処理量（総量）【ｔ】,I体重（高校2年）（女）【ｋｇ】
Hごみ処理量（総量）【ｔ】,I50ｍ走（中学2年）（男）【秒】
Hごみ処理量（総量）【ｔ】,I病院数【施設】
Hごみ処理量（総量）【ｔ】,I医師数【人】
Hごみ処理量（総量）【ｔ】,I医薬品販売業数【所】
Hごみ処理量（総量）【ｔ】,I2500ｇ未満の出生数【人】
Hごみ処理量（総量）【ｔ】,J生活保護被保護実世帯数【世帯】
Hごみ処理量（総量）【ｔ】,J一人当たりの医療費【千円】
Hごみ処理量（総量）【ｔ】,J厚生年金保険受給権者年金総額【千円】
Hごみ処理量（総量）【ｔ】,K消防本部・署数【署】
Hごみ処理量（総量）【ｔ】,K交通事故発生件数【件】
H道路実延長【ｋｍ】,I身長（高校2年）（男）【ｃｍ】
H道路実延長【ｋｍ】,I身長（高校2年）（女）【ｃｍ】
H道路実延長【ｋｍ】,I体重（高校2年）（男）【ｋｇ】
H道路実延長【ｋｍ】,I体重（高校2年）（女）【ｋｇ】
H道路実延長【ｋｍ】,I50ｍ走（中学2年）（男）【秒】
H道路実延長【ｋｍ】,I医薬品販売業数【所】
H道路実延長【ｋｍ】,I2500ｇ未満の出生数【人】
H道路実延長【ｋｍ】,K消防本部・署数【署】
H道路実延長【ｋｍ】,K交通事故発生件数【件】
H都市公園数【箇所】,I身長（高校2年）（男）【ｃｍ】
H都市公園数【箇所】,I身長（高校2年）（女）【ｃｍ】
H都市公園数【箇所】,I体重（高校2年）（男）【ｋｇ】
H都市公園数【箇所】,I体重（高校2年）（女）【ｋｇ】
H都市公園数【箇所】,I50ｍ走（中学2年）（男）【秒】
H都市公園数【箇所】,I医薬品販売業数【所】
H都市公園数【箇所】,I2500ｇ未満の出生数【人】
H都市公園数【箇所】,K消防本部・署数【署】
H都市公園数【箇所】,K交通事故発生件数【件】
I身長（高校2年）（男）【ｃｍ】,I身長（高校2年）（女）【ｃｍ】
I身長（高校2年）（男）【ｃｍ】,I体重（高校2年）（男）【ｋｇ】
I身長（高校2年）（男）【ｃｍ】,I体重（高校2年）（女）【ｋｇ】
I身長（高校2年）（男）【ｃｍ】,I50ｍ走（中学2年）（男）【秒】
I身長（高校2年）（男）【ｃｍ】,I病院数【施設】
I身長（高校2年）（男）【ｃｍ】,I医師数【人】
I身長（高校2年）（男）【ｃｍ】,I医薬品販売業数【所】
I身長（高校2年）（男）【ｃｍ】,I2500ｇ未満の出生数【人】
I身長（高校2年）（男）【ｃｍ】,J生活保護被保護実世帯数【世帯】
I身長（高校2年）（男）【ｃｍ】,J一人当たりの医療費【千円】
I身長（高校2年）（男）【ｃｍ】,J厚生年金保険受給権者年金総額【千円】
I身長（高校2年）（男）【ｃｍ】,K消防本部・署数【署】
I身長（高校2年）（男）【ｃｍ】,K交通事故発生件数【件】
I身長（高校2年）（女）【ｃｍ】,I体重（高校2年）（男）【ｋｇ】
I身長（高校2年）（女）【ｃｍ】,I体重（高校2年）（女）【ｋｇ】
I身長（高校2年）（女）【ｃｍ】,I50ｍ走（中学2年）（男）【秒】
I身長（高校2年）（女）【ｃｍ】,I病院数【施設】
I身長（高校2年）（女）【ｃｍ】,I医師数【人】
I身長（高校2年）（女）【ｃｍ】,I医薬品販売業数【所】
I身長（高校2年）（女）【ｃｍ】,I2500ｇ未満の出生数【人】
I身長（高校2年）（女）【ｃｍ】,J生活保護被保護実世帯数【世帯】
I身長（高校2年）（女）【ｃｍ】,J一人当たりの医療費【千円】
I身長（高校2年）（女）【ｃｍ】,J厚生年金保険受給権者年金総額【千円】
I身長（高校2年）（女）【ｃｍ】,K消防本部・署数【署】
I身長（高校2年）（女）【ｃｍ】,K交通事故発生件数【件】
I体重（高校2年）（男）【ｋｇ】,I体重（高校2年）（女）【ｋｇ】
I体重（高校2年）（男）【ｋｇ】,I50ｍ走（中学2年）（男）【秒】
I体重（高校2年）（男）【ｋｇ】,I病院数【施設】
I体重（高校2年）（男）【ｋｇ】,I医師数【人】
I体重（高校2年）（男）【ｋｇ】,I医薬品販売業数【所】
I体重（高校2年）（男）【ｋｇ】,I2500ｇ未満の出生数【人】
I体重（高校2年）（男）【ｋｇ】,J生活保護被保護実世帯数【世帯】
I体重（高校2年）（男）【ｋｇ】,J一人当たりの医療費【千円】
I体重（高校2年）（男）【ｋｇ】,J厚生年金保険受給権者年金総額【千円】
I体重（高校2年）（男）【ｋｇ】,K消防本部・署数【署】
I体重（高校2年）（男）【ｋｇ】,K交通事故発生件数【件】
I体重（高校2年）（女）【ｋｇ】,I50ｍ走（中学2年）（男）【秒】
I体重（高校2年）（女）【ｋｇ】,I病院数【施設】
I体重（高校2年）（女）【ｋｇ】,I医師数【人】
I体重（高校2年）（女）【ｋｇ】,I医薬品販売業数【所】
I体重（高校2年）（女）【ｋｇ】,I2500ｇ未満の出生数【人】
I体重（高校2年）（女）【ｋｇ】,J生活保護被保護実世帯数【世帯】
I体重（高校2年）（女）【ｋｇ】,J一人当たりの医療費【千円】
I体重（高校2年）（女）【ｋｇ】,J厚生年金保険受給権者年金総額【千円】
I体重（高校2年）（女）【ｋｇ】,K消防本部・署数【署】
I体重（高校2年）（女）【ｋｇ】,K交通事故発生件数【件】
I50ｍ走（中学2年）（男）【秒】,I病院数【施設】
I50ｍ走（中学2年）（男）【秒】,I医師数【人】
I50ｍ走（中学2年）（男）【秒】,I医薬品販売業数【所】
I50ｍ走（中学2年）（男）【秒】,I2500ｇ未満の出生数【人】
I50ｍ走（中学2年）（男）【秒】,J生活保護被保護実世帯数【世帯】
I50ｍ走（中学2年）（男）【秒】,J一人当たりの医療費【千円】
I50ｍ走（中学2年）（男）【秒】,J厚生年金保険受給権者年金総額【千円】
I50ｍ走（中学2年）（男）【秒】,K消防本部・署数【署】
I50ｍ走（中学2年）（男）【秒】,K交通事故発生件数【件】
I病院数【施設】,I医師数【人】
I病院数【施設】,I医薬品販売業数【所】
I病院数【施設】,I2500ｇ未満の出生数【人】
I病院数【施設】,J厚生年金保険受給権者年金総額【千円】
I病院数【施設】,K消防本部・署数【署】
I病院数【施設】,K交通事故発生件数【件】
I医師数【人】,I医薬品販売業数【所】
I医師数【人】,I2500ｇ未満の出生数【人】
I医師数【人】,J厚生年金保険受給権者年金総額【千円】
I医師数【人】,K消防本部・署数【署】
I医師数【人】,K交通事故発生件数【件】
I医薬品販売業数【所】,I2500ｇ未満の出生数【人】
I医薬品販売業数【所】,J生活保護被保護実世帯数【世帯】
I医薬品販売業数【所】,J一人当たりの医療費【千円】
I医薬品販売業数【所】,J厚生年金保険受給権者年金総額【千円】
I医薬品販売業数【所】,K消防本部・署数【署】
I医薬品販売業数【所】,K交通事故発生件数【件】
I2500ｇ未満の出生数【人】,J生活保護被保護実世帯数【世帯】
I2500ｇ未満の出生数【人】,J一人当たりの医療費【千円】
I2500ｇ未満の出生数【人】,J厚生年金保険受給権者年金総額【千円】
I2500ｇ未満の出生数【人】,K消防本部・署数【署】
I2500ｇ未満の出生数【人】,K交通事故発生件数【件】
J生活保護被保護実世帯数【世帯】,J厚生年金保険受給権者年金総額【千円】
J生活保護被保護実世帯数【世帯】,K消防本部・署数【署】
J生活保護被保護実世帯数【世帯】,K交通事故発生件数【件】
J一人当たりの医療費【千円】,J厚生年金保険受給権者年金総額【千円】
J一人当たりの医療費【千円】,K消防本部・署数【署】
J一人当たりの医療費【千円】,K交通事故発生件数【件】
J厚生年金保険受給権者年金総額【千円】,K消防本部・署数【署】
J厚生年金保険受給権者年金総額【千円】,K交通事故発生件数【件】
K消防本部・署数【署】,K交通事故発生件数【件】
